PPWX0740EU,77
IWK5ZFF4LD,7
JD35XD8IOQ,70
C77XERFV7N,34
95RFPNESTN,75
WC98XYR4UH,6
KC6HDEJSOP,77
2E5ICCEMC6,71
V2HIUZO60K,74
KVZOUVUH8O,4
M3MHL5UMZE,84
D0HIQJLRB0,54
EWJ6GOMU1R,36
ERC1SQ0S78,13
YZJMRYD27V,6
J2YR98YSQ8,74
SBF5JOF82M,70
84PN55G6W7,84
CNL4T1CHJJ,3
AJ6FOP0EIR,28
OZZ7RZTQ83,82
ZD4FKWMCMQ,15
9WVCH4AWB7,19
WDNO2CUGA7,5
64BJ8MQAW0,29
RKDQ23J05D,10
486U81MCGK,46
3LKKWXRK6F,96
DCRVSI03PL,36
H6Z0PSX9P7,63
I3FWK4YUR3,52
YFG1OL9OG6,13
GBF84RY6L1,89
S3UHH7H1U8,22
IKS8VM1YGD,65
7OJH7XCB59,95
1EZTJTP78X,100
OF591DCQGD,99
8LD7C2W7KE,96
D5ZS4F807J,39
YHJNNJMW60,84
PIAC9B37LU,70
TX2EEIQGI2,25
JJYFRS30DQ,50
RFOMHXISG5,78
6E2AEEQ77B,50
7EXMIEASI9,98
V5D3Y6BIW1,1
G13MVV1MM5,55
HB5HRBON5Z,36
H2UCDHYMNX,16
ABN6WZCKPD,79
V4SOL9N9S3,35
KZNJHG4LJT,60
WX0SFJZ9PO,9
OU400UEVV7,26
RI4GETZOPB,81
418NFPKE9V,48
D895UWXJL0,14
A203RDWAZ4,99
F76Q1LYMDJ,37
8MA7PU08O1,16
BASP1RHAXA,14
C6BAQMF03Z,36
OGTXMFZT9U,46
M26THG6XRP,46
X0PVR9RBIU,17
WCYNET146T,53
QB9MTMZZHJ,53
BB7SK36F3O,45
L88A76LQPE,69
8UZXDCOY6O,22
VSBFIYXX6M,39
D3YMDZMZIA,40
NLQLWKJ35S,14
PN0AOYYSOI,91
TTLNSI9D1R,38
8G6GKF5R9K,59
19G60WQTZD,8
036ZQE7U25,15
QNLB6R6JXB,95
DREQ742ELM,12
CJEQUFI6J9,18
5GP87KCGSM,98
QVLBRKUQA4,64
VDI0P5VC9N,43
LQ5XAN9H0W,16
CIBLL7WNRM,4
W5B03WTQQZ,19
KKHE4FEGGH,20
02AGHOS6VB,26
E4F0ZOD63O,94
JLVQCHWCFR,87
BFYVANEESL,52
TSWPVPIPGM,79
PN17IU115Y,34
680MXMMXE4,19
VGB3XC7XC0,39
IIKZ0M7P5R,17
9BJ05EDMWN,2
0A3G9ZTB3U,48
1118C00CYL,87
H6TK17AEPL,22
8F02UNAR8E,55
T4G1YIW1SB,54
VXSVBHKO1O,83
8CU61GVEEE,78
W9ALCFAG46,8
RIXFJDQ4MG,77
SWY0CWK4F0,81
5DBDKT2PKS,60
X8MJZUHNIK,49
87W1BCMFOV,23
1S1L0EAPCJ,27
PAHV1MJTQE,26
FGQ8IB9CXC,12
X52QQFBL77,56
XSN28QND9M,12
IWA6E4RNR8,74
N3RYMTXY0D,30
NET8C07G61,28
61T429QUGD,26
5G3KGHEXMS,82
F0KCV845LF,32
ZK948640KV,84
QDT0E0T7BZ,2
PKV531027I,10
5KPAUVRV64,60
JACRT2QNLZ,84
8HNESR8KRS,24
FXK8YL1HF2,17
MN1IX6DA3A,34
XRKQMP68DF,76
FAOM1M86UM,13
29OVRFB0RY,85
Q6L6KXXK63,51
F7LIQ74UCY,100
D46HI0P7TW,99
NWWLAKR7U0,99
SYVZWM28EI,65
Y2PTPB5UDX,51
6QOBBP8A9S,24
A08NPE0FWN,91
J86M3OIZKI,5
GDBGVOLREF,92
MXJJ3ZSC6I,15
YLJLLQ8PG7,17
0Q0TF8G3EL,57
471NW5279R,62
KES0URZ5WN,41
B8TZ7JGBP5,87
5EU8A9HN4Y,26
3NQS744OXJ,45
KEH8TB99MW,4
1S3TMIID2A,18
MY629FS5RG,2
IHU6PZX6ZQ,39
J3K1L8U4VQ,48
0ITRBTAD7K,9
DP35B57UQ2,58
36X0CVKGWC,9
YCSV6XFEKK,77
THRTIH9IM3,1
AEHDEKEQRZ,31
ZC14FBHVW1,90
SMKCHRCWRL,47
P7AGIJXV6N,75
9GGBKWDFC7,89
BCADGN2Z16,95
K3XDFIQ21Y,78
3YQ5SQJB5U,40
E4SXOVTSXF,14
CC6AVXEP3Q,19
VAZEIX2YV2,60
8AUSA77W8S,65
2IS00V37QP,50
T4XT41IQZ9,52
ZV7VCY37PV,24
VKNIGSXND9,8
1HZ7UVZDX4,66
A4XIOGXT4Z,32
ICTB7WAYCF,3
XKYCWAEVW0,54
6EWWXYDUG4,90
Q9RZ26GL5A,29
N1O4D1SAWQ,66
QCO9FEYDT1,52
LIN2HAZBBJ,5
FN39LCG515,39
II68DNQI0R,35
H1AJ9623XG,100
41HZ44XI6W,16
GKNJFQ7M40,8
ZEIGSD2RMV,18
DOE8GT24E9,67
5K56G0M4PJ,75
HZR28J8C6U,99
QNMWNYNOQI,74
LN9Z2UP8HA,70
MX9L026R88,19
IUTF5726C1,18
VI8A50EEKE,62
A579E6I2FL,93
TXV88NCBAV,96
ZSGLZY5P6R,55
IV6RSIYXDQ,70
RL5KINECPM,61
H5L7LY9VJU,13
DLJTFWILP9,43
8N0D5LAC1R,49
RLDQ636YLC,72
QAFDYM87YV,23
N5GDGHQKS0,32
AAFAU06M7K,93
SG5IEQ0LVD,42
KVR8JTOBEB,58
DTGOW6GL01,60
YBFONM4GZH,45
APTQ8TMPBR,91
BEQ64ABOOZ,31
II5GZYK8VP,99
8INFZ8ZNVZ,64
8DJ1L9YXSZ,89
H4INO9UWHL,95
K1YNEM8IUH,23
AGFW48S1RC,82
XZQS5X6W58,83
83MU781T2F,83
635ZX6P95Q,5
RM0M6QN9XV,70
16QYQ3H3KD,17
8O8OOA38VI,28
4YONW681TP,37
5QIB19INIT,21
XPL74JW2U4,37
LANZLV8NTX,58
JFICHOK847,4
MR3XZ2PJPF,4
K302JLZK6C,35
BEW0H4WHP8,42
LWV1V3PJPC,11
1FF5YPZMZF,20
R199ZQIOYF,27
J7DCQKT42S,100
8GVUFDBG7S,96
TISOK9932B,51
6LYG76UQMH,11
0IZQ6524GR,94
VD1O3WS1PB,5
UUG85EMEOD,18
MCLQSVZF9B,1
98H4Z7T3R0,80
RQHOGXRHT0,99
5Q5DVURWRZ,13
2SW8ZH29W2,25
SX76Q3QFHP,74
P1HH2N7263,59
OZQX30OO1V,21
2578FU3FY7,12
Z4K763OPAF,95
ILD04B0ENX,87
04ZA1V1A1L,21
ZAXZ1L4X27,91
F8CZI0G3GE,96
SECOV3M8X8,89
2GTD4YM9P7,37
0E2ER27FKD,27
AEO0JHBYLO,5
XQMDBEDAPK,67
FMA7ZGIDZZ,58
MJ71EOG3O3,94
P32G6L3V79,78
S7VYER5VW4,48
CF4Y8GVDXF,18
8TCKO0826R,1
2CEB0CUMO9,55
OHXJBWKT0H,64
7QYQDI7LSP,43
L7DIMZLR34,10
2I179IN8V4,44
5R3MV0PMW2,28
L29VWEO4J8,57
0R250ME463,16
XHKOKRQ0DE,60
PT9YT7YHA1,60
R81SQSO4OH,13
2GX26ORX8Z,81
OP06M3C685,27
WDMAQP9ZGY,48
IM08MIOLV7,20
F83K6JGGZK,32
DOJ652S2RV,25
8BF8XAF8H0,89
EZ9LEU1E00,99
0BV8IBFG7G,58
QM56YSX5U6,81
U093VYICRJ,7
C3X8E7JQK8,41
I7RVK2YLDN,30
QE63ELMK6E,80
E0NL1EZZJW,5
BG9BWRD5FY,4
AFXTGLP7IU,26
8BBA88HXW3,25
D9HJZA1DIY,32
3BRV2JR34W,53
NH4LWILJD8,30
28MRBBWA78,74
X5IGX7709T,20
HG3OOVNVPY,82
W71ZGWHU6Y,56
KJ0I982AVP,3
R9ZZI2PKRI,58
5ZFNNC0DLA,78
SNTGOXJOXM,73
UKPLAV8OZ6,45
L35NK0YZ6D,30
XVW35G0TSP,6
0B7WZUYC5Q,45
F85LEX1Y44,20
SA1JTP8BOL,57
H93GB7I83S,6
WQIHSIKHEE,36
MIADMMUEH3,36
9XWZP900MT,50
HNJXEDNEFJ,51
92BLUXEB7A,64
9R1U21V6C3,94
GP9PEQRON5,17
VXHPHZOMLP,47
5P5H33OOD0,92
QDDRD13TTX,68
8HQ7FSA5NS,36
WP5UEAV6YJ,83
7INPOMK7A3,33
CBT3C57R3X,79
LL8X73DMO3,83
PCB9MQNWPW,96
YVF41KOV8V,30
UUQUTK5KK3,6
0V7HO1XLH0,43
MLFFGTRTBP,62
8B6JLDXQ5F,52
6IV93WXPCY,67
9Q292YSGQ0,23
JPF1OUMBRU,27
QR0QTSXN3T,1
HK8NEM2TOO,79
AUIPN7INGC,68
WN9TL4GMA8,78
FW6H8097S7,25
QDQK7RFEOR,64
UR4N21E16W,65
FI195I3AHA,28
UXEI8CDNSD,62
AEYRA5K44R,32
T8RQYMV8RA,60
35PCFC0MLL,9
EI3LC6MKCL,98
FYJ2A7LFGL,57
FGQFCGN9QY,25
WAOPFNT87V,19
VWCH1OCPH9,96
W8E1X05Y75,81
X1GV7XUSGR,14
WEIR6TO7NH,27
TGL8PBQNAB,72
IYB0I89TPB,66
2PR2ZIZTAE,29
W3HPDBGXP9,21
W8MM7GNWHZ,62
NTCZWNEJ0C,61
38HSP6834V,72
04NHQ0MZCH,9
SWJ92F4LWQ,34
I5P9D9ETM9,6
3N02XABGO7,6
6Y3HEWBQAM,86
PZN7EMJAXA,52
WA6EPKEXST,46
4W6Q2CZPS7,14
ZSL2ZRUFDY,13
AA3APF5MX0,59
DCIGBIAL3P,31
4YOB2DMC7A,35
FVM3JLWL8J,92
VGYZ24GFIA,85
Y777PYBOMQ,55
UEPTZ264ZY,13
H1AQWMYHNH,45
QXEO0C9FVK,74
SLBWYPQV38,40
ZXI5SJI6LL,51
XDLRY74XE5,59
UGNGB1V7Z5,59
GIOBKXXUB4,60
A6934V5DMW,54
UH00V97V1O,76
KO2EURFSE3,88
JRMPRU5Q6V,25
JN6UVFIV4V,27
IUA7LTJHUM,84
73MMIODBIU,34
XE0VANYW12,41
V6SDNE6J6X,94
RMVAXPZQK4,82
2JTOXDKBIQ,45
YDKYSAEUG3,52
6U27CXE2VI,17
8S33A0XKFP,91
INQ57NXHQT,71
0VL8EHA781,16
9U5EGW8QDW,51
W76U0NZQXH,45
CWUDBJZAMN,32
GXA00Q1IBB,85
B5JTV927U0,11
IRGN7VKHVP,73
D3AG8F5JRO,53
85ED2T9ZT0,4
1BV8XGBM7P,94
8HBRVJ1IE5,81
XU8Y9YV6YB,72
FNTYAOISJX,54
0CE48E4QZN,80
R9PDIP014F,97
Z10XS4P0B1,40
2Q86W3CC35,57
3IAAI5CI8B,11
4Q4OVNB9X6,51
5F35RLCXL2,23
1FY142E1XO,63
HDA98KG37S,46
T0SE9GZ3KG,57
0U39HZWC6Y,69
VNJ1VYVQVT,46
NUAWGPJ4KK,15
4SXPPII35Y,24
LAOL208VK2,17
J01QZDKX8L,58
PISKTYJNBK,88
GLDH9VEW5E,49
XVFUVOGZL9,77
J7K4MOVC4F,95
VB1F6AMIA8,19
0HHLS9HAT4,77
DVUGZWLNNG,54
TFFNL6RA8V,73
71Q636E3JB,8
DS8QWNBE5K,30
5B2P7EKJAQ,18
F0BJGTIF38,77
LZTN6QFHXT,60
Q0BJWOM5FK,6
XTNAWW3BMQ,60
TRMEGXFDEW,88
EKB710XELX,71
CK5F6YNKYP,49
904AB4N3EH,35
E88LR6C96P,9
PPOW7YVHU7,99
FYOD5JEROS,66
A9VXLWB5RV,34
6VO9LTDKX0,66
84BW7CARZD,18
XMUXKUJPLA,38
BLVQ3G2ZYA,55
HMT2FMBVK6,79
7B9314O6PA,85
C3SYY93VUX,53
RXRE4TFV2S,62
9AUDB6S9XD,51
5C0PNP57D7,76
65ENCFROGJ,83
6GAFO5BGIO,14
UXHTHIFFVP,99
BFB8UWLNZH,52
ZWAZ059B8S,42
37ITAX67I2,3
T6SVFQT5QN,60
DVQKYIA879,96
KZKU9X88KV,94
IQWX1DFONQ,69
YF4S8AQLK8,8
U3NV8OSJIL,47
B84FY25FTG,25
5YUT71LNXO,40
G3M3SYVE0C,96
30S04M7D64,25
SSWRXKZ411,81
4DPZX57QZG,4
GN002JM08M,18
ECVFEEP3FQ,56
NLSZOG3COL,19
O9WD6PJJCI,44
8WGGPD19XE,89
X23YAKLU7H,52
ITOK9XHTWX,28
ZTCVLDSJAX,86
RJZNALP1MM,94
QQ8HQ3LXOR,31
4H2AHLBMOX,64
2JDICCR017,46
O899YGIYPU,98
9M303FFCQ5,70
3D8RX0BBMB,60
ND2I1OOLHN,45
7D14T6SLAD,16
5IW4A3KBN6,22
OBMY3NRNZV,15
4Q7OD00RGX,21
QYT11YDHGE,59
WEZCUX54KG,63
WLKQLVSOKV,30
FZEY2D6I1A,60
916E0AFES1,9
8I0J2033AK,4
67XQ9GTE6G,33
SGE0OJCU4A,38
62AEF4HS06,82
5DXT7OXS0U,58
NRRAENST49,65
NLZ090DONV,83
ZUWCKENY4M,99
R78EYMJX88,92
E7MOW0DGOZ,53
PCL3AKNWTV,2
S5BHVUKL3X,95
EB3LU126H0,9
DJUWOLKQRJ,4
XPRFFTON79,60
1MGIF7U4GR,45
KAWI09AHSQ,51
81FJAO8K36,7
T5L2NSKJ5Z,33
P1L5KA5EEU,10
6NCFQQU7RD,100
JGF53HPDSM,44
93KY1Q34S4,11
ITHX6ZYSMS,92
WSYOLQIF85,10
3UMVEWV9MI,94
DW3LZ1HDKR,45
XKCA0CSH0U,22
YRGHPNOV1N,82
4JOBIW9ZEM,23
MOG4JXTRGB,75
PVV465P64Q,15
VEHR2QRB7L,62
PCQ47OXJEI,92
1ITDWGG00D,65
ITYTRI855Z,41
MSD7G3BUI5,95
A2SQ02BMYY,31
IV08157TAS,64
XFNGYXIKA0,41
PYWRHJGP23,56
06EWXWRW3R,40
9OGCPNCPL2,5
R9P83QAZF5,88
3V8695IJIA,78
1L3ZR4N9ZD,98
S2WQCES92V,32
CYBY2KF5M2,40
ET9354P7CS,92
AKC5A4WLPC,29
BAXVB62H9X,59
ZCNSP1J6IU,70
SYCRQS7TQO,48
EGD3T6MEGB,4
9R7JG4GPIG,43
17OY073GHM,96
SZJIAXHQTB,99
1SC3TUYAZU,21
G7QMZYCESC,65
OJPROZNF12,33
XFSPW39H39,49
18JKUQGL0H,61
FL03N4OPQ3,76
MBBD5N1OW8,15
GX7QH6VNBH,11
KJBOIHYVPU,1
0OWKGFO701,87
CFDW7NWIIH,7
46VAPTO7K5,22
KJZ1308RJ1,22
2UP0KCCRCK,68
2SAGMEVR3G,49
DNI8R7EJ1A,5
OSQAN6GR4G,72
XBDAZILU7M,98
8OVCUVG57B,91
F1FH9RMF8Z,54
NO76CST81Q,22
IT6QQ4DGHZ,79
DD5YCYYEGZ,60
7NDKEHNVLH,88
8VU8E7DMA8,28
L017ENNK9F,52
H04E72WPNW,64
U8Y642Q1L0,85
Z22ZKMRWQR,38
AMW7WMKBBE,23
S4FBFYQKZC,4
NB75IJM9DY,47
VT9FACG8VI,21
N5CUVWRRE6,38
PGF2LJN9MQ,16
UB6TWEIG16,48
1LUDXWJMO4,24
FW0WGDZOXK,35
SKFJDLEYBB,67
YPPXPSQF5P,41
82JUGMQB32,35
NZGRGNXM90,6
2BT45CVAZ0,17
TE1BSW1UNZ,88
IN6O8EROUD,42
F3BGPMTZMV,15
7JI2KY0VXZ,22
UX7PIW9ZST,96
WJQHHA7ECB,56
K95CSE12NG,95
1Y6IS976A9,70
32XQGKOE6W,88
BYAZTO9FI7,34
LSYJ346QVF,49
05ALGTKQWS,13
MFFSZ0NNZQ,63
92ABFA8OXV,43
S1SR2HOZ40,7
EF7AEZSKXD,13
H8CJJI6UOF,84
3LPDMF3EY0,68
2UO4CKNN7N,50
K15TP5VVXO,31
HG77TG744Y,8
XQD0MTU5BQ,20
TRDOEP79G7,65
Z314HVADUW,36
6U9UJRGZ2H,17
4QHKBALAV1,66
UUCF64ZY3T,1
10C2DRMN9E,22
TO00RT7P36,41
PL3OTXI3AA,94
5WS0DXZA7P,75
9QHDTEGSFA,26
SRMAN0LQJM,86
TW9FAD77PL,5
63HY3W012I,100
XZ6YE1V3YL,16
26BGFREA6H,2
IW5Z02QCNB,53
R054CS7Y69,6
PM59HK420V,13
VQOWH0MHOB,45
VYI2ARD97M,98
FF71DWT0PE,76
EK47W30T6H,80
ZTPC1HXITC,80
FP8DT2B59B,99
E3GF1O7HW8,7
J5ZR5H2BTQ,97
QZGF6FNDEP,99
GOPVYL6UTE,44
AL77D6P973,69
B1F4L5ZRQL,73
ZG2ZDGFXH0,72
GO1PD9DNGV,36
FINUZS5CXF,74
LWR8JL2OPG,93
3L9VZH88NL,33
KKHJB6ZTJE,85
4FD2R9HFIH,7
EMKWR71OZS,17
HI5QXSJNAX,28
LUDADFS2JH,76
IUI103MX6J,47
3LWQYRWMBP,81
DIL277GTY0,44
RD5IV5L4EE,56
QTYDCOLFBP,96
4BFD8UUVS0,93
FEHO7UQQPY,26
M1MNATHK83,34
PUAQA4ZE3B,69
LN67R20NGI,27
6XQQEJNBDU,79
UCKVUYI1PB,69
JXLGFGH71D,62
TXTF9HE6YB,40
R1BKSGU1CE,4
UB3BE880O4,13
HEKZNQL5YL,43
4GPWIV1I25,32
NYO1SE8KI2,70
WJYD2V5NQ7,89
IFABAHKO27,9
MR4C9BRSL1,45
CGH3XXQHSR,46
WTZDOB58S5,24
D8PA2C5TTG,84
ZBR23XY0FX,65
H445OCHYJ1,76
YPIUHT8NW9,97
YJUDFR5QEU,7
F0SPUW7NXK,16
1WLRXLW4HC,27
TBYGYUG7LE,5
MMXVXCQDE1,11
CGWQ390CPT,77
PEUVJHWY7Q,44
F0G2WU3GU8,39
B3Y7BSAV9A,7
WP0NLUM01K,64
4H2Q6X58ZO,65
S2MJCZO063,68
ILU12VAI0V,19
IKR6A31ANH,54
S0XL7ZPD7L,35
NU42T73C2O,94
DI0VSX64TI,37
NDXOCPZX7P,45
F8A2Q9QKKP,11
P8T1ZMP0WO,46
QTT2NV4HRI,13
Y3QVCQUIHB,93
2HAHZYX5T1,9
1L0265M0WD,18
2ZDSIGT2IX,90
P4J6GEWXE8,73
XUTEKEQZ5M,64
1MZJYW9RM1,1
I6M7WHJIMA,66
7KE3OEG6F6,59
WRVSRROCN9,25
MWJFWHSK63,86
ZXD3C64Y0V,68
LW5FHUKVOB,66
S48BKCH9MP,12
LXZ0Z5WXP1,28
WJUHE1GD0Z,15
7AOG4DBX9J,93
7GYJ7KRLZT,100
ITCT4X24UM,12
LYHDH22UC5,10
W49YMEUP33,86
SYWZ5EG2P4,67
2MHOG4694C,49
ELSL2PKI8G,4
ZAMYU43DFE,49
GBNN36C7KM,88
4A418BUIBP,67
ZGAK1SP87Z,80
RJANLWNA93,47
9YWFVV06FJ,70
EMM1ER45H2,14
35Q1IQD4JJ,6
R9RNQDTXBG,57
K08MD5SHEZ,37
1LR7C0JHS9,99
G8I9TZFWVG,18
RP5VSB2EX6,27
P01CR8S7F5,46
8Q3THHBMFH,96
5C2S2427YD,25
TJDYKI167S,76
OW3U48WPWS,50
VUMCCW7GU7,89
87UEAQ7RXI,60
NICXTB7M1V,46
508M49PRMJ,4
8XOQVLNPVE,22
L2E36IV37G,33
2YVMWYRXAK,29
M707OQ3BC4,33
K8SW6SPDLV,28
01P0GVC9SH,76
76LXBP0ORN,80
XH30OQ9KKF,28
N7D1AUYFWR,82
8XQO8LTZME,10
0AYEM5IJ2Y,60
ETOL0KURU5,69
7KRA8YD25V,28
F84ARX4T4A,88
9V4TZVHC88,88
92HHWYGNPH,91
EKW9KLC2B4,23
34IVI697DA,53
LA3LRYF4G0,12
VU8XR0XRT6,91
5FZ0GIBGVL,14
RM6LZVBX9S,94
VXOWL9TFNY,58
1L1NAANQXW,70
MQ6YEQWP1C,5
WVVY82BLHM,41
Y8SIM90UAQ,44
6W3JF4J3QY,78
ANOHEGWN1Z,26
TIFS2O35CP,20
EK8S2FY0XZ,64
Z51UC02Y5N,43
37JX906CK7,79
JGB93HT84F,52
RW2WGE26O5,98
IJGGBILZWH,48
BILXFQYTXU,2
UX9CWA8NGG,19
5WD2XN2KSC,69
TYWPHUERBW,6
Y8E8A8B02M,62
OAP2U03H5P,1
CULGV7BPH7,33
8TGZCBZWDV,53
0OLR8O530W,19
4UZEK0K8XP,30
9QWNFL8RMW,60
SQ330DTVSB,23
6JNE2ZYLBK,68
CQ4A4PNJ4P,26
TL5JRV23IB,89
6M878QJHDM,3
SYMXD8DIEX,60
A10G1KXEP4,86
DLMYFJ8Q9W,51
AMNDJ3J3JZ,70
4GVLRY6J42,19
M3S3KXB3BP,82
IMPN1NTHSB,63
4E0W1HS1QP,73
QW13V0A8X7,25
TUCFHTILET,30
82N3AW1KLM,34
DR2CUTJ6WJ,75
Z3B5RM98FV,93
4FGHXRR9R0,25
PRX004Y6MF,45
SL7FTZUA9H,4
RIS3FE0NU0,95
5DAGRXBA41,73
I3YGLR4H15,43
J510MMD895,34
R9AVHXG6P6,64
2FPMOYK4SC,52
2IONRNB3S8,54
5YHZA1V2J1,20
289L1KVHYC,72
6C5FIQWE9D,76
U4EB0594S1,49
IR7X5DC4LU,76
FAHT34T18Y,25
J445H1JB8B,8
GMUDRCFB1X,88
J7JS4Y3YFO,48
8461LKINAB,45
CRHBL3UUCM,7
TAM7VLTTEF,3
MI0ONB8DSP,64
E8XUWVX2MF,2
K570JG3TX4,23
XLOM4PZUTL,78
G55V864S2W,15
RYF6SP7WL3,1
7HHWW3Z06M,89
IVTT17PWRK,39
WCSX2RC95D,52
HWN9GEX7DE,23
4KFFJM7FHC,78
PPJ1SKBUL7,12
AJL40M1Y9O,100
YDCYINCA6Q,91
MK9TB3K707,19
BMJZVH1ZPZ,57
710UQ37K7G,86
Y4J8UXI03H,33
TCFCH6UD85,53
WBM9Q0CY0B,41
SMPHU8M98Y,93
E0KZRM9D1P,60
QW196U6L7Z,8
GX9UHDY4NL,88
VU5Y62XNS1,56
KIZ2QD7K30,62
4WQ1CRTE03,23
CITE8Q4ZRW,66
OQ5S4IFZH4,14
KY97J60JNP,63
OG52G140RV,53
UVSAFU4E5R,13
QFRRU2A4DV,17
9CAE35FPOR,3
795DY2FRPP,47
7TK4DWPCIM,68
RA48IWKZQC,73
GIMECSJCQX,31
ROSM95YX4C,5
MC5H0GOX48,15
CB1L8Y7UAE,33
BETMXTSVBB,91
JYB8U09OMO,1
A9WWQT709S,13
FS39B3HRXN,3
FMKVH5N2O8,21
FH5DVA24V6,22
CN37M4UJGR,53
1NRQA56IE2,48
5IEORT2JW4,34
50NDMTDEW2,56
TSLXEOQYWK,98
5FPJTN8881,48
0G0AZ4N1VG,24
4I4RSXTC8N,16
PD630IEY1Y,84
T5UZH3Q8WW,59
0KP5AIPSUX,32
BY75J4V05T,3
SQQ2ZKZFHS,69
5RXA1BYSFZ,14
XUMUOYVNW8,67
3COTEDDUKP,50
B0UB9HR3U8,17
6CDT1G57P2,25
GMHRO8GZK8,79
KEBHHAB7K8,51
54M8E73QJU,12
JIELGQMGGY,7
SQQ3I586G2,92
7MRFZWMFBK,24
U168K5Q6U2,81
DTU9ICCW1J,64
WND93CV7GT,1
X0ZGBOJ5UH,44
K9BVGNZ2AD,14
KDTY7R6IEJ,77
3EB565LTAU,90
5KPM0NG8PY,18
01WQX8QOSH,41
YHSJP5RM6I,33
VRGF3GKBTP,100
LYCWL9NPSB,42
S7N6Z862S8,71
XZDWVACA6Z,100
ZWAX337X5V,64
D78D8RE0DV,20
GZ222L8GMX,3
UWL7QTAZIU,48
CCDXWZQP6S,81
SVRHJU1FVQ,70
ESKEQJOF7Y,4
GK5SSSJPR0,58
4VRZTNXJWL,48
HHKQ66X7EU,92
FCQIRT59GU,16
NFNGT2VEJM,74
PT1OI3CYRM,50
FWZ1ZHD9S4,27
IU893QZFJZ,84
C9PABMBUBG,2
T67G3HIXC2,7
KDSCEOHWNI,70
OI44YHVEXS,46
M6HQ8Z2ZQ5,18
BWLIYIWKPB,9
QBQP3I8L60,16
FAJ36Z3NRJ,25
3GJ1ELXYOT,91
BG4447YYFO,29
5GHOZ66U5S,80
MYXRRRR4FP,94
JBT128N1TQ,78
O48RXZN8F2,8
KW3HVUK1V8,17
K7TUJ8ZQMN,96
UIV8ABP5MN,70
Y80D81ZBTD,19
M6T8N8X62P,27
W8Z61G10NW,14
HN36S8P791,12
AS1SX9ELZP,46
LADG7599DN,30
MAQ6CTBJOX,32
49T9H3EQBB,8
ANPTCLVB60,30
XNOA2W10P4,1
R86T2V92BI,18
YNKKR5RCSQ,95
W9Q28NP8EX,42
4CDILK9CLF,73
3G9AVS5WUN,44
9W05TM4PY0,72
RXYWFGEN0B,16
X3CTO9371S,87
3673GGH7LF,11
M5EIKU7Q17,87
D3FKPVG8BL,18
CJBNF3P78K,46
NOBQQEJWD7,57
R73W9N3YB7,35
UBZVNGLW68,22
S7IKE21K9I,10
1LT4OU00KC,54
A7JZ33JR61,30
6DOGLXG5YO,25
S97IK5O8IE,33
00KHCMEA17,11
T77CD2YVO9,86
1AL4DNUEHI,96
2D84VUL0LR,50
97904MEEEY,49
QY2MYLQZXE,60
DW0I52S8ET,27
M3K4YNYPEZ,86
IKIN1BYHXO,7
7ZQEWH2MHO,90
UNPZGTE27D,54
JRTTMH5SXV,65
UIHPLMECVC,60
Z2NOO9VCVN,54
1GL3GPZTQF,83
CN1URU81A1,100
5TWJ1JI53V,28
CPIH6OE27B,16
TEQ0C1KRQA,65
TIN9L49SB9,2
6UYZMWI73P,33
PO552SVFAS,31
FPOKESJSHO,7
46LSDI3OVQ,88
M0HKRB85U7,30
TYAU6IMIBR,25
4WXLVMMPF1,5
2VPL8NZFDY,12
HM8PGL2NCM,8
MIG8KIMUM3,21
MI396OU7EL,77
3H2W056GPP,75
Z6UJSF5FWK,28
Q1XNQW1IKR,59
98DDOV2KQN,27
J4TV4HTUAE,61
8VUI1CFC8X,50
HB1KFA609X,38
N9QG804CBI,33
QE1CSD11QM,78
HJ97YSHWET,52
OZOQC4AK00,33
17SPZM72C7,57
QD0OYY18VO,69
NP6L6RE29D,29
9PJH7JNYIJ,2
LYAFLQBLMA,33
MYBIP73J02,96
8CI5UW3FVO,24
J2K593VX3T,42
C3H5RKLUSL,87
1LQ5LV7EBR,65
0E45HUCAHQ,76
LKJX5AICMU,56
TFF937XHE7,99
S8Y1HRG22T,14
E8P4N73UZF,48
L2052OXBZC,65
1ER3J2SSE7,13
K8YDAH3RXG,17
UK8LYK4BLM,61
KLW1UNPTOR,100
52LWIU5TWP,67
1U73KSM55G,76
WVLVHTMA0R,48
AMRLZC1NL6,13
QPOMVAEU12,48
FQYJ9CBR0H,94
AI58L8SAU6,81
KAJX4RJ428,84
7DGKFMNBXA,20
GP9KHMS2JB,95
R7N43S6JV3,52
GVFXI8H1ED,46
591JYHXG3A,48
X4JNTK1GSB,9
1YAF9YOAHT,69
69WIYKITVJ,12
3GI1AKC5CC,47
D6NFJ131JI,16
WIEFSBGND9,2
ICGWVYS3MM,79
LXPWTLTIJN,5
ZEPH9GZNAE,80
AJI4MRN19A,79
CO3JK82OAB,66
U3C8BUKQIL,27
HR4CWCQO4L,25
U2R8VE58KR,58
YECDVYS49V,48
CY6W5UNW4C,62
6NDGWSNN7Y,52
VGSY06IXAP,58
EK0U5AKI9F,74
1KZAMEARYA,46
JEAPG4W5CG,62
N4HMH3DA4X,2
BB5M3ED2QP,76
PGU7F30GHH,82
PJ69WCIXOE,71
H83Q9XIP6X,51
V9MMVCVMTT,22
I8YRRG25JL,86
V7DYFFB2UV,86
3Y3SZT58IH,16
ZMA7TK6415,84
Y54DFPJ8TR,8
U3YJHNHO96,57
EYQQCM9YWX,16
2LEGH73U8X,12
7CYSTA18DA,58
LC7MACP5DY,87
6MBL3NMIFX,53
9U8IAWWOJH,96
OKQ4142GH5,53
286XRWWNJK,34
F5ABJVRSSG,19
WY65NRP9CS,55
O9TBLW1W1X,27
0S5D6VFTIM,63
HZRM243X53,26
NXLN66ZQDY,65
9P23EQ3KP3,56
RAW02TIL0U,3
8NRYDBCNP5,23
WQJSF8LY9N,92
AM57PP8FO4,100
I239M8U7NF,10
JFG8MXB086,96
TWULWUTSXF,18
0Q253I7H8K,79
N8FTA6FXBO,78
9MXOJ04RS0,58
7R2LP53EVB,55
6W80WSUQH5,9
RHBN18ZSUS,53
CIHQ6916RI,11
0V9DCLY5QO,97
EORMNB917U,31
0XW3BRAFFA,7
HYFJAZSBAK,10
OA21FIEFCX,29
0HWZMOQ6EB,38
MTY40WPFZV,64
C9ARCDHPG7,51
FOF8IKSWSN,23
I9AQIED9XG,7
B2LTJCMWSB,17
SX3BCFIZG8,35
57TLS3UMUZ,52
DUU45AAOEH,81
D26V67O03T,77
HEX3TOJUKT,69
PTEOCM4IKP,96
6ZXYMK8BYJ,21
1IO7SJ650M,77
H7CE586ULW,70
7PF8R5CNM8,15
EZHL6OPYYQ,19
SR6HANS1RK,17
X3RIHMSMGN,95
0BCDDKHSI0,91
W7JA1WJP68,97
MFFDWYQIZN,57
XSFUNEBIQ5,99
YG3WZNT2A9,59
4QNKW4G7XX,68
JDAPO11HK0,80
JSVXWMUJGD,7
5UEJD3Z16P,21
YNCO5DRO30,9
3F688Q6QIH,87
7RRAOAJXHN,96
81ODITBQFY,27
YACB2GY0CW,33
O7Z1XB3YP6,6
5NFOJ9RGXL,42
A90W4QVUUC,41
I0SI58CTBD,57
54DEY8Q0DN,76
ICVMP3MXZU,44
1G11RLCA6J,61
V6MQE8JY2R,59
DGP1A9MGIX,55
7DTLKXIG0M,66
YBP3SEVPYS,36
TE8YYL82P5,38
RRZR4PYZQH,19
Y0CIGJIBAN,58
2J7NU22JQ3,49
UUEUP8MZZ5,80
YHH6W37TMP,65
8CO1PL5TJE,89
WS24Z73UI2,63
HC3QWE9B1N,71
L69V9X1C32,5
IIZNDOVF4Z,32
6WPTBAJYX7,34
Z3TZMEWR79,35
HQOILO1CNU,41
570D7S2SVW,15
7GOKE6ERB5,77
N6EQUGEQMT,46
XMP83J9RN9,63
MGNJYDY1V2,65
HRW8K9VUHC,66
MTWOU2RTRZ,31
DKG2ISZGNT,20
UM24FU1DGC,77
4NPG0OC56V,32
2EN1DWUEYQ,82
L0OV3UVGC5,92
NCW6A1FENO,88
41K88OVTYY,87
SE5P9Y6NWD,66
LUGDXAH82Y,9
BGW7R9YAWO,3
YBSYPYRI37,57
K8L32RBC50,88
S4F1FJD85L,5
5H66HCYCSL,26
XJ1ENGS4KU,86
6L3GYWDIRA,8
URY4L4PLX6,5
972K6AGNXE,20
HC4OPB883X,6
UXZCWB48CO,1
T83U81U1F6,45
MN54N9BAMU,73
VXCBW3C3NS,63
YZIU38UOLO,64
3Z8MV5Y5WT,41
3QQIHW8EWB,65
2104WY4H7V,59
9CAWO28SI8,35
75LQVTGAED,78
HDLG7JH34H,92
MK0RFQRQOP,70
TWPZ3V3M13,85
RSUZD1ZO08,40
MM1QFIFMKR,28
DBX31ZWZB1,99
LRI2PZPZFE,79
S5RKTBC5U0,52
44TNF3CL65,23
1EOR9KHHGZ,56
NJJUW7CYUD,52
SNI9N6ZEJH,33
KVQBVOY12A,88
M8AMWQUVGQ,58
71GS64ZSLJ,3
NB3LAGZHYM,96
KQA10T7O1E,20
8OYCDEVOFW,73
X5ZF2Z5XNF,30
U6VMK3UFUF,26
RLFPBXOYTQ,93
42ZATSIZ4T,88
LHJLA7C7VQ,62
HT2ADAJ9PS,74
VCHKGCRNLQ,5
QKN5E33PJ9,92
8XA0F6TKZH,12
2WK9ZNK4OG,37
GCU9WY2N83,75
OMXMYC2YAA,35
HIFZQVH9UC,76
9XFZD73O0K,88
OIN6GBW9SS,77
TS514DMXAH,42
0W5LP6GNV6,64
KIK10LRIW6,47
PINRPE5Z18,18
IVLP1H6RSL,48
VSY6MOTEKC,84
NHRU7Q0FH7,59
II7B73V3OS,49
Y8LPT27PLH,7
XGUGFOXE0G,95
9GXG68JNMO,16
7CE4A6ETZL,72
6PQ7H7QRZ9,98
CBY1BSNH6D,56
09AFYV118N,11
OKB77Z801E,81
BB4DT57XMP,5
1J7E41GX9U,26
PXIVT81IGM,93
GS4J9ME4XN,32
OIV6CCC1K0,93
O7S3MFZ8GT,42
7F3QPIHKL6,13
0MSGYNOUZT,13
EUJ0JFVQFM,11
DHSFE8CDWW,90
H7A9YBL6TN,66
9LAWGA3PT8,56
W8LNYQOR0S,75
Y05CR4L7ZL,3
WE7610HX7N,42
D2RXMSRBWX,28
T3GY4I6ZDK,69
12SBZU5O2X,50
GK2YQQWVDW,54
LJ6X6KPMZ9,36
BM6ESCZOTB,34
NX2NRMW7QX,71
8EX1EKWNXF,74
PP7X4X5FH2,42
RLAXAFCN2G,15
V52DAU96S1,86
CDOIZN28HB,24
4VI5WP8W0G,59
FOZ7FX89PC,11
HAEAB49IBQ,84
6XJREZ1322,47
6WRQXIKA7P,39
FNTFYI8LT1,25
HF0BFY9TWM,20
VKGYBWHF9U,71
LZ5YCNB435,43
SU2QVZOZIX,87
9X0H0F48SY,71
TFJZWPO495,70
OKY5ECSRDE,15
QYCA6N4FE9,60
AKSL4918O6,81
JR4H0ZW5GM,72
VRDDT1CLJ6,66
MD2UT87J0P,2
4D662Z4V95,3
LJO6GFMSRF,48
FY1X06G7O2,73
OILQOME7E2,10
6GUFQPWMSE,70
KVIXGX3H61,14
Y7Z6NO598N,48
A0XFC2G7C3,14
J0SMXD18C4,55
CJ88G6X0HC,50
AH9CMT3C51,17
QKZ0SILWIT,97
ZB86KTWJPT,34
IGUR723BP0,62
TUWOOQFGFE,69
B5T38TPHYU,56
4DB98UNX9S,42
WZBHN4AZIO,32
QWFEWM96YB,24
RZABM76EKD,32
WKS0A4GTE2,34
T0ZBB9QS80,79
KILKHPACKQ,42
81NXZME8RG,91
0SXYD53CEX,61
V080QJ2ZJS,9
OOW0YGKTV8,43
ABVREX887L,44
1WOLZLFUAB,28
YIZGSBG6LS,28
5ZC0VUPST1,10
H5UC053A9A,24
ISR3VC9YIV,24
TYVFHLQWGS,73
4GZ1REOQMN,81
JNRHBEA1O9,60
TE1C401FO9,83
MXI0IJQKVG,10
N9GIQFR3HQ,89
7G8MYY0Z29,74
QYI7CTKT9T,27
LY7AU4JFA0,83
JAMA7IMLNM,73
3MS3GXRDKT,39
T3GPOOLTU3,51
R2D8XG932X,9
1KZO5S1QPH,36
PM4U70RBTG,51
XG9CEG24MO,5
RMLFLXVTW9,65
47NDXNJOT4,90
6NGFT7I7OB,37
YIV9R3GALM,99
SQ2UG4J209,96
ZWPRSTA8H1,91
R6KVHDOX1C,57
9WYDVJU06Q,2
0OK3RM5IA9,62
N3N735JQVA,6
BNO195Z2WE,98
TJ3ATEYBT9,91
9FIS1O92BI,14
SN4CVBNVKP,23
IDZJU7XUQS,5
MDS75OK6KF,32
M7OYAZVIHD,54
VUEU5WNP62,60
UF7SLQ8XM9,25
RFHQM4HVP9,41
S3U6RFHBHW,21
AE5AVTS64H,27
DO6QRC11U2,63
PLLI3GBW33,50
OBVNL4YA4U,72
WYQPDPMAUZ,47
RLB8NJN5QH,92
RJCR9TG7HS,30
ADBZUN6T5O,82
7QSI6LSCWI,59
YR7KY0DPJ4,96
GGBAYWZIZW,23
J5HM434ZSJ,23
M18YVP4ZZG,56
QWP9EQMIWX,59
V5XUGK08CC,47
DBM3M536KY,20
B9IWL46JGP,84
5GOA21G45E,16
AVOV14S7A4,81
U1ZNLJP6GT,57
I9F63RCJPH,10
71IU3I34E8,6
YYZ67KGM0X,92
5333L6G8Y0,45
XSLGZ52Q9X,37
HGBMJVQ1PH,60
49LB4ID3Y6,24
F8RW988X7Y,48
PJ7KTW860D,74
GO0A7SIATG,19
5TQY38B5X6,89
PNCI8ACTQH,74
8IJDOFV9XW,39
FN66DM8H29,54
6WIV28X344,39
OL9O4F4C2T,16
LSAC563OX4,34
Z65PTHGT7I,79
PQJHTID2NU,29
NRTJWT4B2R,26
2TLJ80Z30L,33
SV9OG2RWAF,10
INT3R05Y2T,76
XD1H189536,40
ICWRBQVVRX,98
J04P105L67,90
7FQII8QIBV,76
4XHBU8P5JN,72
NMR0DG19LH,47
6KA86IIYPZ,27
K7EAZQY25I,7
VUZPE5CM36,33
0QMWKFN82Y,22
TEUQJAHV4D,95
OSBLH68BP7,89
C7PJUMPL1P,53
MTUF1UGK97,96
UPJT9ECL7D,15
DQJQS0SPW4,24
BMJ5IYPLOK,1
6QJMMG57NC,75
2Z8ACL6UKN,4
6ARRPO361E,69
O4HU9EQ8KN,71
TUFE77T7Z9,10
6LO3T4PU12,85
5U3307R90X,11
YGY6WBERY4,95
RYILOEC7UW,35
5EPU0PZ8O3,71
O41IZA3WEL,24
5IG6B5DUK1,77
DX0HLUK5G0,24
G43HTQTD9T,36
GRRSBXI0QM,79
CZY9623Q01,75
EPKUX0GEGP,48
ICWABIOGV5,64
5CXL7Q5SWJ,75
2A2YI1HGYZ,28
GNAVR1WLQG,15
AKVMC1KDRE,72
G9UXGCJ50Y,83
RU9GKITBIY,96
A85PHALP4I,31
PYEPGHGS4A,7
VPW8TD22PW,59
KUG5ER7WX1,5
K4HJOZI5Y7,52
IZHL97FX3K,46
ZT7SGI8PV6,71
CU7CVBUHUM,19
Z0GEMHT67V,14
0QXXNA797K,2
N7BZE0BJP6,74
7DHR8SFF7V,63
0KSJQTC8P9,17
G5AAP3PNFD,96
FROWZUWI0G,15
QT72KS29RO,27
DIN2R1MZ62,50
OL5UXZ7SHW,50
EI92CRQDSV,64
F9KOZ6QZD7,25
R85JSUTHEA,50
R97T24FSUA,47
TOICTWLA3B,38
27IA8KE96Q,7
0898V7WW8F,7
I7EDCMSL3N,84
ZACOQWKBK6,27
2LKK1LD1A8,77
FEH494ILVC,26
RJE9FIP2TF,40
AGC1LPQ4C3,62
SJCJ8WLH9Z,52
ZGMB9MLS3E,42
CMPG9L1OXB,57
TXRZ8TMKVQ,80
RJ4WUQ479D,67
LRH2135XEP,19
ZOQIF0JE3O,99
40ZQWNHXDX,12
NYWGX5BBAB,67
1JARB63436,14
PM6DOOBWN2,71
AFMC01CR0B,45
ZT0VWFLQKF,61
EPKH2I77OD,19
8FUGGL7Z1I,79
BAKPOTFU6R,31
EKG8WD3TBZ,93
2XJ4OEBALY,36
SF40X6P54I,84
I3AGPW0PHA,34
HJ6R96IAWF,42
Z4WMIKJNKJ,7
12L0NUU7Z9,10
1UVHSJOE7O,12
2ANRY23PA0,1
LEAC52O3XO,41
VEQ34CNS87,92
PZRTSFQISD,46
Z7S3YIBISY,54
72J2I62T62,17
5FU4DMS6NL,57
ESQQFQY38W,71
JFLKMJULN3,68
X4C7GPOGNZ,55
AETNIL3QTH,51
ISLQ60MEFS,10
J0COYSK3SY,73
ETZEO0HPCV,23
FGZDJG77T3,58
I3OF8UL0Y0,80
PQANJ5RC90,92
7UBP16KAST,41
V0TOWVMUTT,10
0VUHII59LG,92
9HE4IW0BBH,91
E0ACAUYRC5,62
ITTXC2UNW6,48
8MHGOVHW51,46
BGP0Z9RWHY,52
D26FTG4L8T,34
5H2JKHZ3GO,79
CG6E8DT2X0,52
CBZZFQ8OP4,91
Z0B7E136QT,85
FO5QRC29O4,89
2VXIFUQR9O,9
CNDY7J3IS2,57
1GLV14HR6N,23
YYADF0G2UG,72
7V0ITJNUET,43
HW6QCN2QSV,94
QWJNZY3QMW,66
8AXSLY7TIR,78
KKA7DPPTH1,3
PBPCGFBA8T,9
RQ5K2UEKLN,96
WOTNSTMCQW,60
1073JUCK7D,8
HGM342YYW7,58
OT5VE11OG2,54
1FM2R7M1U6,80
NCTXBQV4EF,93
3N456T4AM6,50
NN0RDAC5TY,95
9G56B6G0MP,26
J3TSXP8FUC,20
526BALF95M,61
RIZHYKO0QV,88
H56BSYFYC3,4
AO2YX6FLPY,54
G60UC3UVWL,82
KFB8VQXP86,70
BIUYJNA1NS,100
GP6UGEMVXD,16
A59PD1ICD7,97
LGG5DZNSHY,39
7DRV9XN848,2
PFM9Y5UG01,19
0AEMXIR5H5,88
P0Z38J3M3F,42
7677Z09HRY,10
PXP1XYLF0F,77
SCOIFJQS96,56
TLS2CXZ1J8,41
OP0GSJ63X9,33
EAPIN52IFW,38
P2MKA6T06V,66
2QJ2ZYYI9G,42
2Z3IV360DE,4
WK05NCFV6T,60
53BB1ZS82K,56
NQZL23IDVL,64
FQHSYLFB1D,46
QXXY40IIO1,71
A03B5S1ZQ0,84
HNSANK746P,2
KPNS2OY53K,31
8WCGQDSP7W,72
I3H6ZKZDWX,87
TXP46W3FGE,29
K3FJPQQVQG,8
331GK20FDM,40
74CT9Q3WE4,36
ODBIES9TNR,46
G4IVPRBEO4,2
JLNIL15J2P,14
MMNLR8VI04,70
5EVNVRAAPE,88
8SGAKXIAMN,8
JAJ5G0OJQA,11
YEUJVEZJP3,7
5OHUK69Z8Y,56
VZIQA4GHV4,68
1SKE7KB06Y,59
NZ15TZXULQ,25
YIZSZ2H1VY,76
2AIY46EZ5C,88
UDE4NN1ITS,98
W1O73K2BTR,57
GTZKFYALET,42
H80RWPUIM3,26
LRQTIC1CKC,69
6L3HMTSXKD,90
J4EQASQPE9,26
65PZCUHNSZ,29
7SKKE1UA7C,45
EB7XVD6LL8,54
GI6FDCGEED,1
VEC0A0AT95,30
WON37NHABM,41
ONBMCLAZ3V,44
SMMAALRH7M,79
117XMINJLY,64
CQEBEN59A0,96
TKKJCUAMWW,62
SQ3F51AK4H,48
8YJRS33FIM,11
WF9QNQP4S0,45
RE5JUSRMYM,20
13EQV3GDIR,90
LCADPJZEWB,52
L0I7ZV5XW9,42
WLVIIO1IK7,41
DD2YREFDQ7,86
DQ5OLIWPBE,54
VVEBMR4KY2,58
VSR0194RFD,33
GCDWTE6KO6,96
U5NVPARGSD,54
QJ2WUQNIW1,19
J9AS8FDIG8,50
GNG2ODLH7Y,83
8T4WXCMWR9,41
JLQYOL100V,32
19P3RA0HFU,85
2MKOOFT8SA,75
ITSJMG4ZBY,9
B541DBBBRL,11
OWI7BZ1QO7,97
V1QIE5DT8V,1
2AI0IMO4ZB,81
KIOM85K6MC,10
QPW60S2WDQ,82
PPSBUVN1KM,40
2VZ3EGXZ0N,81
3C3QJV9ALN,99
BT7K5TVE3M,57
J6A41SS2M3,20
4CFFRZS3JO,71
8T7ETFXHE2,51
1LTUCI7XEH,25
1JSAY1V1LG,96
LYWMROPC8Z,93
AD8OTSBTB4,32
ABVKWW63JK,67
BAKMPTA8QI,21
5BDM5KM4J8,15
BUMCU0PULN,35
MGWZ89KCRR,11
KX818QSA74,15
9S3KVRWV3F,89
V74OFACTOP,24
EGJVAVNLIM,100
DH7GRO2Z4B,49
6DPNHYJ8IE,91
Q0O81FDDWJ,11
NJYTOJAKGE,61
JPDSG236WK,58
DXDGBIUFMX,38
ZEJ6R59CUE,11
XVNQD86DXQ,32
EKE6M9KEJS,50
K8M186Y1GN,16
P866ZQ7L3R,49
4VLPWXLJ35,27
2G4RKLX8RT,5
X735M6FCUT,2
4B990K28C1,97
0CQCY95OY0,40
I7LVUEJKUO,58
45QC3HXKSN,97
3QJFVW2643,23
P7KWE9JN2J,14
4JZSMZ370E,35
SVUB1R0O19,74
CQITG18OCV,86
C7RXYEEKTV,93
FZYJ7QXDGN,99
IG7H161S4S,83
LI7YG1I9PP,41
7P4HREM3XM,91
1NXISPGF3Z,24
Y984U0YE6K,24
4RNPI75O2M,19
O034VZPAN4,6
G2A57THV1K,47
Z80ZFXNAP9,88
AWVMISW3JH,77
IWK0RF2LH4,31
5LGQMQDJ3Q,48
ORKXRHAB34,74
OIXNVUAUMQ,59
T7EYG4CUH4,95
8A2AEOGK9K,33
ZGLJO9IFL6,88
5O8KE1K20M,75
QMVKXK7KJZ,9
YXURS6TQIJ,42
CZ7ZHPKFST,46
62X82HAZ09,72
HEYEVFOQ2B,68
69QLX3DHFR,84
MG866LK5XF,79
GW1ZNL5RXC,13
X5X87XSC27,37
F83AA1N28W,57
LTMVNSNXLO,32
1EGUIFTZGW,64
DROAGTNUB0,35
VTLGYP3HQV,69
5EE592CZDT,18
T43CCQY8ME,33
XRMMKHQSSW,19
TWEB3V4FA9,49
HFDGQQ1TLW,77
NP9CQN83LX,74
7B398NHHDX,83
8SXXF3QPE0,64
JSCFISC67D,62
V8DMDIP96N,14
6ZONEKHOCM,56
AIBUGDRLBG,86
POAKCS1U3G,2
7GDX7IJ8TE,99
7MXLSZIFR7,1
EAFC7H1VOH,1
FAHELH0KVF,73
HUAB1TZTJ6,33
LO0QCU3AU0,53
XVMXXFF2JB,80
K872KCWQ4G,72
XFUYAS9I3P,44
M2TW45PI3O,65
A3WAKHLUFO,92
8L63DJW7CF,59
IB8H65Y6D0,91
BW8UI0V3TQ,19
BN4A3T9YUO,57
N8OEUG5QV0,30
23AL7XPQWJ,1
H4NOXRXDDI,61
4HLG2A8YWF,69
CIZ80DTPZ9,61
3VMX0Q8H19,59
EHWRQ9S2WY,34
5QUZHYXX92,34
X3DJBHOBK9,42
OLJJL3GLB8,92
GW24O3IQ5R,88
APJOL32ZOB,79
YVBV3GSIEJ,50
8K4QH7CXSB,31
8DKLDW87PG,5
GK6IOOHSIC,15
RVCSNZVF6R,93
YELPYGYQ4B,76
OO3KG2G4YK,72
DSX9SNQ5V5,80
K7IH8DNL9S,88
YBGD02VW93,26
AT7OOB05FT,38
LWNK37LR01,77
32BS8CS38Z,11
VPV953C5D5,33
1CU6V2CEEP,61
7001LN7BPT,59
JM9LQVHNDE,89
HY4O44RKOQ,18
QC5DMZX8LA,32
H2ZNCWM0CL,92
R4D00BBHKS,28
PPG3IVVU5L,56
43TU7LV9JM,98
C30BLYX7BR,11
PQ8XM3FUDE,39
3PJXZHJVUS,93
UN97X0WBUE,24
GEM5TK2EXY,44
X2ZD405NH2,31
6MES47UAJJ,46
FGWXBPBGN0,82
3FSNRSKPAD,94
ON6RKP2NJF,75
0JUC6Z34MO,5
WYO6VJ0JRP,24
Y84W7ZNPS8,69
1WVMMZJ4NN,80
LAI2YIHVYQ,61
5ERAC58QJR,56
U32X70VZJH,34
8LNUONGLVN,26
F5YRTOGJJJ,6
00AU4JKT20,88
1PRI7CM2EN,34
JDRHY0R62T,34
IRBOX26S5Z,71
UOJKC9UNG5,35
2JT0QOG1HA,32
5HU5FFMLYQ,40
P6804R2WVL,35
HSD7IUXGDC,16
5FA0KS7KLM,20
ZM7ZV3J0D6,72
DBNVBD64WC,30
J4KP4HYG2P,1
WS8N5WWT9G,90
WIHVMRA2CA,60
15K0WF62ET,18
N896RNG1R1,24
U15L1A9076,72
UA2D3JDQ0Z,50
NP211WZ44Y,61
M2CPEJ3T3T,87
TETVV3MWD4,77
5VKHQCBI6Y,14
EEW580HXWI,91
AX9CTCN401,16
FZ06AQL6OR,54
P8MSJBO1WC,36
NXB82IV0AW,8
XHR26064EA,12
DL38DYH0UE,36
HC0XVGTG0C,99
5XF1LM76V1,83
3GKNM1LN2T,83
C0PJK7RZLO,58
TPOG6T3XPD,16
UYJJ40FYW2,81
5ANIKEHHXE,93
XUBZWEMRWD,81
LGZ2WSI41B,2
FFXP5EIG0O,53
KMX16JVTA8,60
TP6AIYRT9V,6
78DPTP6AO6,13
N4QJL30L6M,6
BOTMBCY456,89
19VOJR1QKQ,7
39KS9QCRPT,31
13UL8HDKZV,44
RBP2RCGRFA,2
FYUD8PU9O8,15
B8GQAHVT5G,46
20BG7KX23K,79
CIB9RY4TVI,49
TWWOE609B9,11
WHL5058LQE,100
W7Z09JGQ5N,98
V0Z6DEH5S5,62
2JVQKA4FRC,97
5B42ZAOIF1,82
371QU6ADLS,53
FVJI7TE666,44
9PTHDNISAZ,13
XUUN8WJJ71,91
66A2C2YM9L,42
R81AHH5PTF,9
TU5WH0W25H,57
M7X07T73PX,19
ZSH3L5E5F4,17
CH7GVIHWPT,29
W08A5LTFWI,37
JR2FJKEM7P,90
CQ6APJ1C1T,87
WNQWJG3UCA,41
93Q7V7AE6H,71
CCDQ7DDS72,4
30E7VLZX5C,68
AEV2OF5JJY,100
UBGV8KC5R9,15
P194UVF7XY,88
4O9N1QJ2NB,75
O770CTZ3F1,70
DPNWD80J2Y,10
G13U1JG820,23
0DEVOGUGJC,95
GXPD098BG7,51
U84CC7A7OI,76
82NZ8M4ABZ,7
R55U0R9DMZ,47
QZ8LKC9HY6,51
6BL04ICPZV,25
JSFTOZ65FW,23
C7Z281XU64,27
HHXXON3E69,48
ASPYN4X0KG,77
319ZNOM9W2,12
EMG5GVED8T,1
LLS8HEE7U6,3
EAPM1IL1ZX,38
L6OJ3KJTBV,88
2KJ9AFNIOJ,20
ZI39A2WGY8,79
HORJSSSD3C,7
H5TU0WPA1C,41
8YYT57OIL8,82
SRZ4MVJ1RL,79
P2TYOFGY7M,34
TTM6TNKZ5Z,95
P8OF6GTCIC,3
WC9PZGVMIO,34
7D1F9V7TW7,54
V54RU72RVP,75
PTH9I4UG7O,40
HUMXWQIWSW,49
24O1NBMPC9,79
ZGO8AIG6OF,13
ZZSGF95INL,42
C5QS062N5Z,18
5LGTU0D5SO,98
SZNDIW3LY1,82
JW3KRYS3VW,100
N7HX0ZW43F,58
NB3WYE17YP,29
BIQSV1UQHB,58
FN41B6LC5H,28
3DPXZ1D7BN,50
SBKL6KC67O,100
WEED1WF95P,73
QHXLL2H6OK,95
QD0G6K56G0,98
H0OJ547CL2,89
L9GCTZAIOD,28
T4JN08WTTZ,2
U6CYSBSHK4,81
93K99FK5XG,62
4UWNQYMI0E,2
FRQ6Z95NRO,67
OOG3QOD0R1,59
H9CVHF72YA,80
1GR2QRXUS0,72
8D6MV72GG7,2
L6NG9KZWA5,3
TWR9BWV2O2,88
P6S4WF5FJX,9
KO2UWS3HK5,29
ZLVQ5UU3H3,58
1GIWU4SJF9,11
HWQIKDXYA5,17
KA0NETL6J4,45
J8YA4FGMX9,91
MXWKF07785,7
P7RDJTXPAG,63
OKZ3PZXA4D,58
LV08UHEVHE,58
OGT8J5OLI1,3
RJSODR9T0Z,48
0OCYCKMCPD,15
4ZFD8A5M4D,87
IC3U9MLCAK,63
8ECV9D9GGR,2
4ALN9Q565N,66
WOB18DCBQW,32
2N228N4RP6,88
TTO25X0NAS,73
2D1B2DQKPA,74
VICEY61XQQ,85
U82HS3NG9M,79
D8UXSA3SCF,25
TPIAPOW5R4,73
O89C7O6ULL,77
61EZ5M6188,80
R2DLN5NORG,42
V0JPL7IL11,99
CX0EDHW1U0,20
QIUBCRP1N9,26
I3VQ4GSEI3,70
WP4NNIYMIK,38
X31LV8YLMX,92
2V6MFZWN6U,48
Q7QU3FSMUV,30
S61NPKGPUC,50
YW74AKC84G,82
M4RMMWB2GK,38
RQVXA9HST6,4
1WQX5WNVJD,53
UZCFQNZYK6,45
JE5B32IHGC,82
SXAXZOI2E2,45
3N5GEQBAKT,94
00SOBSBB35,47
7ZETHQJ8PM,37
MLBCP32OIQ,4
KQ75K2NLCZ,69
AXFP9C69TT,45
JUW5546OXS,8
1S6JYRUCQD,84
A73C9G8WZE,63
LIK6JV3TDT,84
HB772BDKHP,15
A1H72K42GE,37
RZVBY2J71N,81
5YLMIBS7UD,43
MKLDE4TART,33
EKYEZM2MI7,23
ZS2PZIWWAX,91
KU549ZSD7E,15
N334EJX8ML,8
Y87PZ5QRPE,48
1VJ0G3GN5Z,89
NAMC5KKWEG,61
3SEEEEWBUF,99
XE40INL7Z3,53
36W8GE58N1,88
R0NF867Y6X,55
QS9TSJJQNR,10
SQ1XUW9GL4,19
CEPL17SDAZ,36
H6SSOFLXFG,67
O7CALX9YDL,42
CCZIF27KMV,44
Q3ZFXGI84L,96
KP9LFC5C4Z,57
84G1E47N3V,7
H6PZLTW53P,100
91VRA8E53C,87
JACGEZJ1PC,65
MNJHTJET76,49
8N92A5QZ57,92
JYR2QJKFPV,85
SARCKVZDBP,55
LYEND4NZNW,3
GOEM0NELZT,67
6ZO9XTY1XW,36
NY8G5JHABC,73
26IELWXLDF,37
P5TP79XEOF,30
N27LESGRUL,46
GY9VJHCJYU,73
IHC2DGL13E,96
KTCKUH00EB,54
YB32NHHL1J,4
NCC3RST0AP,23
J7ZGH9TLOP,65
VYM15THQKG,37
9Q6UM48PYI,38
TFKYAPBQTG,79
WH5X73YEYT,99
YVAP0XWZMJ,69
8Y2B663UUB,60
UOBKL5X4BL,41
1NQCV1VYSE,74
RPV9BMGO00,98
EVL2FLT4WV,66
W88NRK7BGY,96
FA1OYAVCSG,3
J2Z3WFY98G,44
U4JT1D6VV3,81
WRS522OVOM,3
LN1KLNHH7Y,29
7L49V6K39Q,68
AQCVQISO1Y,96
5YO6KR17KE,16
5Z1VWERWNM,41
WI4HQ85KB4,74
QYEDCV404J,83
D1FTPVUKQN,87
IP0JSWLRR2,55
S7DV8RSPQ5,43
MWSPZQZDPH,73
SM3D3JR19H,19
0L5AHOC0QK,15
K3I7OQKCQ6,83
GUX09LH3QS,51
HFKBDLPWXI,94
TDAAZZ2VCM,36
O56I9JAFN6,51
MYFJ1R0GMK,3
I7ZQOZADHX,80
OLBP6POEEH,48
N44U6R2POJ,60
GMBX2692LV,66
FW5FB2HSIM,1
EAMWVIDQTE,7
GCBLO6D8FF,93
D4RW84A7W9,33
EC7ZPK62HS,33
9TJ6B64ZL0,63
BAQ8P2AVGR,36
T4UEEM2UBU,74
JL9KIN1TDO,10
7XPM6L9FNB,54
D6VOYBST4C,66
CJT9VHQ83P,75
LD90KA5E54,36
EOR2X3MT9J,23
OGS7I2XD8M,46
OTYBDDTEFC,92
E14IPDK3J2,43
75LZLP83MK,41
ELXBV4AOS1,62
6HZ8UOG1NJ,90
ZVUQ7FC649,72
H3LVHVL10E,6
62YL1LIKFP,84
CEKZ3VDUSJ,98
YNDJLW6V41,20
SJUKGTETNI,81
UGS8NME4JM,57
38PD2OSOYO,15
JZ8O5QU0PY,55
U8S67LMCU3,4
MG7BC7JA6Q,86
J7R5Y3K8IM,93
5PUBGX8G7Q,87
K6NMW4RM0W,51
F3M2A6EWXE,19
9Z2U4DLRMB,18
5UDJAISXWN,90
ZKM249OYVB,97
D1RWHXF549,25
GQNC54WMC0,48
W5WE6RL3JB,91
0J1M88KN7C,11
ZOJM59YCG6,14
ZAWTHEVZSP,70
GCSHXXDJHU,64
4QGJNU9SZ6,62
Z4T1UJNLN4,5
3ZTIMFZUX8,26
O11LVE871B,30
HAGR0YEQ12,72
6LCA7R335F,14
NI1P0YUIUN,12
261LJP6XCR,83
M3Y14NLUT0,96
UFML9CXFCA,6
0WWXEK4VJB,73
X3YHSL4BNN,53
85V04PTTSD,92
30CLN8UGOK,47
KA2TD5SLVY,69
GZQM2UI8GR,60
BCVEM68DNJ,76
GE3G5TBID0,41
Z5JCX50LY1,21
ONNX20GON7,61
ALVK2XPGOF,33
JFORMUUHWW,62
9LF0C8YC9X,98
RC7NKKGRBC,81
9W6IFL8HNQ,39
R6ZJRLIN3C,95
O7JGFI1VKQ,19
5TQELC4ULW,63
RASEUX2P6L,58
YW4PNUQ228,46
MASP62N3YK,14
CRC8CJADDZ,31
ONPAEHOLYS,42
GNBRJ3LVU2,60
PPZCZUTHKP,68
0XUCFY19B3,86
05ODR8X1N0,24
OL4LCC7FSI,99
DYFAHYRY8Z,64
AOZWRS1TYY,11
859INY1HXX,65
8CAMJ8VEMF,14
N1EXKYRQ5J,47
FRP3UHMLY4,65
2JS4GFTN6V,87
ZS4OOBVQQS,38
1QHUZM4DC3,66
QKWQ6FZHRX,57
3X33HZDWD2,100
93JSNCQ0QC,1
WT8JGCKYY3,7
P2SHN4DOEG,13
UOLMZQZU45,41
6LH0Q5VQAS,6
XAC1KM6H8S,68
IKCCXQMHGS,86
8TB1K6S9FD,98
YMQFV9O9AO,23
AI70VQ8BVJ,54
VLFYNJOW6H,16
3BXL8JJL2D,15
O4QSTJIQGE,31
45VYH8SFVM,99
74UHYD1CNT,39
GYDE9LNYDI,85
N8QJRJOT8H,14
K7BBIHHYVZ,14
RMI8MAPIDW,11
DLO1VIYIJ7,51
5LL28FLNU2,67
F8EVE6KRX4,55
DBV8HARSY8,45
YKLP1RR4J8,34
4V8EOIRQXZ,48
RKRI7RFBJG,86
2KGUBTO73W,45
FMQEA20XRQ,5
B5ISZ1KJQE,88
2WW65EVVSY,52
JS70FMJOIK,27
5IZR0JBAQS,17
6VL3JR5CZC,39
PX2X7BMMT8,41
KNMOKSC589,34
ZLHRF3R4V8,77
8BUDVJ43AA,95
9G3MI76Q3Y,98
H7WEI7BNJR,89
YPHHI49J2X,80
IKTLJ9K3RG,76
3CLBQT36B9,73
V1OCLSZH9Q,30
G8S8ONU4MI,90
XFXL00P6DB,39
30AP3Z42O1,76
XTTH9TQNM2,64
E616RVG7YD,80
W9N7GEFJY3,94
54QRL65UJG,92
AJPL91INLS,56
RQIR6D0UNZ,6
YS5UWFP9GV,95
2JRIMZGUWE,41
J7F7GVQMNE,5
NAQ2RIRRTL,17
5ALZG6H7N7,79
MLAYW3OZ80,37
LULX306WDV,36
X4ZP2CJHDX,73
83QB577L8B,97
LBDCRCEZM5,18
99GOS7BALR,19
7WU7PTRQ8F,25
V8OCMU7VBO,46
C9D5QD69HQ,9
6YCVVW814J,68
0Q1SY6H95C,79
J6IHYYRRVZ,17
6UQWQ3SWOP,14
4MSA91AOEE,39
YZ7RWO5ZMV,91
DLISFE4I5L,37
DQIP2RFS2M,52
7T0M20BAZJ,91
FJYYZDRVB2,48
JVK66ELIUH,50
61ME8S85FE,77
XLTFKKAUE3,76
DFWT0I02O6,69
RLN45AI6NE,84
2U8Y540A2C,6
IXK69NYNFY,28
1YPIA5XMN9,19
TKX22M4IPM,37
VQU4JRKA13,69
RIT8K8PSGG,98
GMKKVSBYES,87
HXS6558JXK,19
KMGCZTAG97,89
E28WSY18G3,88
AZOEX38WUU,33
698DDPYW8K,11
39J1EKBCU7,77
ZA8XXAUF8A,71
JLEHRX4ALU,38
57PS2EFSLO,14
8WDPF3F07K,42
WEQB2CJZS7,6
MIH2LPJKLD,54
2Y7LXR8AOH,18
K62MBEEN3P,1
4PG3MMXJNE,95
V0KVX579SO,97
HTRN9NQM2T,46
KD2AMGQV8V,4
KQAZ5NK8PV,24
OF56KXXA28,81
0H2Y0P5R88,55
DLUTNH3COX,74
7XI661I27V,1
D298G07LMA,92
GJ1CGLRYJ2,8
QCWEGJ51HL,80
QVPTY2OB1I,71
9P504Z1ZJU,33
TSZHQS7253,47
27B66A983X,95
XVCJAUYTRX,20
3SSYSYVTYJ,47
XASSL19M7J,73
5S5C3CJ371,91
YTETZU9TGV,55
XTMB9CT2SC,37
28VNYO4RNX,35
6IOIOJ6E0H,4
XKRJ0G3DTC,88
3B8JEBXSCL,42
CZQXTVGJPZ,82
B7DMMB0ELL,4
7LJS5BN62G,92
2JSFXC3F3D,57
ZCI0SW6GR4,28
LUTJIGL6QO,7
OLVZ4G6AN8,44
30MIRWN7J2,98
XRLN4MK3Y0,50
ASNFHCFKXZ,99
YXKCNYNRPU,91
MZ49SITMS1,86
A9NHHVRW52,16
06VSEJGMOZ,76
30DDGDQK3S,98
9KXLX086Q0,91
RCJHEUHVQI,36
GW2F313R0A,26
EXMHTZ3WLE,6
MZEGQKNWHC,36
AN0PHPL2YM,82
XAB4R02MVN,89
DX4OE2FKHV,42
SI7FNNU82J,42
GSMVR13S0J,20
M5KGKTTBRU,39
FQLVGAMLIK,53
1GT6QDSHZU,36
LJ3ZCB4IW9,43
3J52S90UXX,8
6TAFKXU27B,33
6MKJ22LNXF,68
DMTRWJ25BM,38
HCW7S10SMP,44
30PYR67RBL,11
EZ327CI052,21
O9GISHFFVS,71
87OUEQ5E2U,75
Z29MTBYPU3,73
VIM4W57VPJ,76
S41JH230S9,71
BUKYT2H7Y6,85
QPXPNRZ0M0,62
37HXSXDVND,67
K5E4TOEPY3,41
MRS1I6LR6Z,96
5YD3B7H3DD,65
ZRUGKJTR6D,9
E6LEI8QEPG,99
KFOP82H3M8,68
HKB3ZZ6E1G,79
KX3O3TY3SW,88
8KZSWIO2LJ,11
CXGZK663B1,61
XN4KAGW3H9,25
PVM9NCS2C7,83
C316IOUSAC,80
WJPYBNM6T3,50
ZI8K15U1LI,65
5XPNNVQBUC,47
J73P87DAMA,60
KBPS23R5K1,37
4X29O8UHSU,48
APA2IMJWXR,18
DMMCQ4D6Q2,30
2ZQ7GUITO3,46
XUWHUPK3DF,14
3B4XS45GCE,12
14DL6O1GX2,80
6XL3B2EN2X,17
VKPY03FZRA,8
EU4X2CU44G,18
TP1YAB86OD,52
5O723ZNUKV,54
MQXN8IVBAT,27
IF0HWBAZPP,93
9M60FPZRTR,24
AH6GXVFAEN,37
ID2KQO5G11,22
0R4OS1VS19,29
B5A1UJGWUS,88
7BKHKJUXB0,35
VUX28KQ49R,80
ENGOCOFOLL,6
ROFNRCX2TQ,29
CD07T7JOUL,59
IEPG8VR6W9,12
9OJ1840E1E,21
6IMJR2KP0T,21
FWQMWHV21P,53
1L7KGCRBSN,91
JZ62A4Z4DX,34
4Q27SYFVYY,57
Y1KQIFMOQQ,1
IH9BF1NNW1,33
XKCD5EMOHS,77
SE2T75B8M0,67
0AVHZPH2PN,98
PHQ3Z630EV,14
HOFWYVFDAP,14
CKBWK2II5H,88
ED3S16LZX7,45
1G86WO18BU,74
LO7VFVREJV,47
SNGQYJ6Z1U,66
9C7I8693R1,10
T9RCDD4D0G,18
9J545Y0LTT,78
T99UD7491R,65
2LB2W13G5C,68
UPMYWL258D,36
NBM5RCD0CD,90
HBCKP11CW7,16
2SK0C2UVI2,34
JIU194AC9F,82
QUZTB4FD2Z,95
F8W4SG3LUL,45
DOOZP53JG2,24
VE91YWB61C,14
C32DRQU9QM,50
QGY40HSZ90,51
UVN7PZG4G0,86
C54KPMQBD2,75
JM5W51L5HE,57
1LHK0S5USS,4
AWTLZWVHT3,51
ACK2CUQQDC,58
7QH9UAD9O6,95
MPVRUR2388,25
P6AOLT96BO,50
I7MB7PSCZ5,48
SBWNAD72BO,96
UNOTTUU6LG,55
0CY8OWF755,96
7ALWYFH3MA,75
MMGBN53XI7,70
HBV83LHTNI,41
7KADQYTF0K,76
Z2UVM1DKEV,83
YCWBCTYPX7,7
5Y7OCY5CVZ,52
QS4CI1FJU2,18
GDXL668SV0,30
JPD04RTRI3,70
ACJT94ATFZ,90
ESCGLH9ANB,81
GVIFRT7ZOV,9
C0XNRPOO2L,67
HG4J74ZD09,65
O71W9PROSE,71
XAPVS14XYE,64
DRP1J5ZEEG,7
SYFGG0YXRL,6
WFYQP5COQO,56
FI7B542K3T,29
IROL2E04KF,4
IXX1NW2UBK,78
S7Y2EX2S4U,55
OFG91JQJDN,20
KZAI6ESF60,53
VN71T7RFYR,38
LCP7YX872U,45
AHNT6EO536,20
0AKQKFAWXQ,59
RD5YSR4IRV,35
CER1VYNEE1,3
IDB990OTBQ,68
7JVWLKYKT5,84
GUCM9V90GW,10
LWCZMO5E4B,15
2X9JGSRQH1,92
4MDJS2N8YX,15
JB7XJ6L6BN,81
Z2Y44JA5EP,46
CDMK14BL16,62
CJZDYUV5XD,45
J0EHAFRK5W,49
I44VSQJ03X,50
3MAURLWBAZ,99
MLUOAFPNNF,50
YP27VLXZFL,82
L2Y0NEU4ST,42
XG7EGK2KIT,73
Y59F7GZT6M,70
JHIREUFOCD,58
NZ91OINKAM,76
M62RC12ZXE,25
9W4ZYX7U9I,25
XH7RZ1BTJ0,91
KJ4G87F6ZD,60
EYJGUCW9O3,18
A6V3HJ9HZT,17
OUFE8AJ9K2,26
9JN1HLF9PB,88
YSLY6JWN0O,38
4KCAJOX603,58
KL2FW9E5J5,10
G4YMT59V45,54
4F9JHHGE64,78
I30YBZ8CAN,48
W29TCDKJIC,37
6M0N475XUA,96
QFJP77NT36,99
U842DEFK7J,82
LMX4CNKZ48,87
MZPIDZXE11,74
EXQ6M9WBN5,98
4EFV0RNS2R,84
J6RK5GFYGD,87
AOCFLO03RW,11
2A07PNVMOL,3
5C4FR4AO91,61
QXI1LX46F8,78
SON3DFUPIN,10
5O2NA67KAL,75
E9F10FXGQP,12
01ASTOXRJJ,64
S76ZJOPGHR,79
TW5I6DBGQY,82
UQDPYMA4R6,52
5CM5A6DYL0,62
9TXMSVNGPT,77
CQ9NZWE9Z7,86
3RZ89EX6RS,7
4DJ9D36G8G,99
IPZMLJG7OO,18
K3U79XW5FK,53
XF6A84UQ5C,98
B90AKV6VW0,96
HROFB2F4AF,50
1SJZR55BEP,4
3HHWQX9OWH,91
YB79NDPHZ6,8
B8K4ZK5MGT,81
1ZS7LNYEF7,50
PKRLNK4AHN,83
0M8ZRCRIMW,27
E0RASW6ZU5,15
0W0JKCAL97,42
NIHVACLO7Y,75
RA5QAG7PSO,55
RCXZ3ADI82,85
YK5ABJY1S4,83
VME3XAV04T,8
4CO2KOXQEH,37
TMEHH33OA3,11
G9YPSDCGMY,51
38G3FO4PL1,94
47GIDHH83Z,49
IK0EIA7ZCJ,80
ASM83FZ2EO,42
PF268YV0JA,63
ZJB99R9H1Y,11
46FAT42EN4,10
G88MAPFCVJ,26
8DXRN49AB6,30
UXUYYSMAT5,100
0JANWIFJSQ,68
554I10MROG,10
FQ2P9F4OYB,16
RO210ZZMVW,82
ZB94VIWM4U,82
DGJJORHI8Y,46
6KENYH6JYM,2
3X8TKR7JWB,42
YD6T76N3ZI,32
4IQ5NXODWG,93
K6L117G6R4,86
FKQDCGNGZF,28
A37896VVMP,27
4Y8JPO768P,88
OTFKNKYXS3,6
4253OHAPOY,89
0FF02UVGMK,15
B96J3CYWQG,19
YMG8Y9P91Y,10
NB9BCHSTYP,33
0N596703L6,71
2F1L8ECOEJ,29
87Q1U7IXAZ,40
FNLVCS0CCC,22
EWMSTX7CL9,18
QE1ASMP4KI,81
QKXD4IKSSP,99
GIYNU6FWZO,95
BMPJIXSHB6,80
TG1JY4TB7V,75
J37SYFKEGE,15
78A08D936U,43
DBE51EMWLR,42
UPP5N19GJ2,77
WHTL0YBNLZ,80
0CUQN0KLA5,1
09UNOJ8F8B,11
3PTKM6VABM,63
25OQKFG9RF,81
TSI1V55W3U,92
KQ767DVD4V,50
TGSTLZRLRN,31
8IH1JNLEX9,81
8TYM2IP3LB,60
T7I1668HQ8,68
WNQ66UTZUJ,69
RI2XV32E4V,79
GNY91SCJHN,97
GC2UNVN5ZV,37
W7D5HMWRVY,25
QK0250PFE5,67
GNVJAQYHYB,90
WN3PHNYKI0,52
YUGZ5B6MWO,51
63KZ7P00BF,82
Z0BKSEODGG,90
UHK77TN3A3,84
A8YWHLMMYL,25
W240LZC955,93
PNXRCJYDTA,14
D1LJBLCICU,69
0POK7O70R7,49
7D90OVHL1T,56
BERGZ3F5PU,17
KU2NKMRURF,100
9MQFH29NKJ,80
KTBKR6CLGD,10
ISP4KVX0IL,10
EGJTAN2FTV,88
IW4KMBFFZA,66
YEGTP7N5PO,65
A9BIOBY733,27
IDNH0A3CTB,80
M86M3O1JMG,87
JGHJ9ES16T,27
R206VWF20B,91
SIYP4W1SVI,31
9AW2EJW4QC,97
R6K3Y6GNIV,74
778OGIU7ZD,8
YQA1T6R5B0,23
7OX0HBS44E,33
76JT0PPEQ9,56
UZZYACF5N2,23
7RP13917WO,2
CSIW1UVU55,82
Z9W0CWOHDG,9
W4FUEKWV1B,70
TRF82AGYN1,69
7XIMPZZXIL,57
TOXB8VY72L,85
9H950C12X7,92
U1IC457RZ4,7
U3XR8KHBJ2,40
ZVJEHWNR3A,36
JH9ZNVZU37,65
JGNSTJA2WE,79
PVR5JFYCPO,81
Y03HKSHJLQ,57
KSG7XWN82T,5
XE3J5E1HVO,71
9LNIC3FGCE,10
MPITWV0BTN,73
KXCB87U4ER,54
JX2Z6U63BV,75
W4AV059BLI,78
LZV8B1BIY3,58
LVKW94JYLU,88
U9Z0VPKZF9,15
PZ5F9W5VIH,31
696S1XVQ9L,57
KP1HBDXC10,100
UHY52QUZXB,12
PGWC32QUDE,28
VJP7REWUS5,98
B24XE2ZX52,14
GOAQJBZMPD,6
NH17MBBBVN,23
QWYGSJND5H,1
LMN7M92ZFM,46
WVAFRKIOOK,49
MHLNG0KE1J,35
PT5RNZHFS4,95
00DCV51LIH,44
1Z2B074CTD,68
6MJWLGOJDN,93
5NN5QCEW34,25
SYQ4MH32BZ,6
7FHKY5GB5F,14
RL5XWAHDQA,35
OCF2Y3MUAE,54
FO57MZVF6N,12
CVUNVI5UO0,69
KAEEFRZ5CT,91
YC5R77VIXG,35
SJ5KDW6B1C,56
0BS06V65EW,81
OQ9MDC9NX7,82
346Y3I4362,30
VAVVIT22T4,16
8SD1QCRJK3,10
K347H49H8K,86
RCY2G8ZS0K,98
RRPGLK3Z45,41
9W3G9S2M8O,13
X1JRFH4ZHS,29
QC0V0T760C,50
PYJ5YRN7NQ,91
RNVQ6MJHBR,18
7WYTR0J258,83
T0KRPTWHPM,30
HW6IFWS04S,27
628044KSGD,31
6RY8AHF9T5,19
AAT4SL7HOD,78
LKC63GTNBT,80
EFCI2UPQ9V,22
7KZ13R8QL3,87
ITYCBBQUDD,61
F79JRQWXA7,35
BPGTAVFAYJ,45
YYZV8AHXOQ,92
KP50FJOWZC,12
NIKNFR5RHG,78
C5VCR4LARA,53
0ZE9YGE9AN,99
VZOKGC59XT,6
DTTAV3K77G,1
JML7K52CBN,5
KPI6EMAWK8,24
ADAL7Q7DA2,32
8I6BON5SYR,98
NT0TJZ4KXM,19
98QA47ZC0H,96
T14QTOO5V7,3
5DY70HIVCI,3
Y8GTERDO30,55
7HTAB51T6O,42
U86CZK8DER,99
M56ZFOM058,30
BX9JBBC4ZG,78
HOGUGOPJWH,6
PF9M0SARAN,48
FAUVPKIBPA,21
FM82NZSHJ9,76
5E4A0HO2WG,99
5U7BNP5A9A,66
0TMPH4FCMB,2
3WBQUGYFP9,49
UB5QEISSTO,41
97QP2VYHJB,16
RKYY337VO5,86
4MD9E5L9B1,62
UGFTPZWYT3,29
V7ILCH4FZ4,60
EMXPI1GBZ6,35
I6KU15YR4H,22
8XCPTE7DWL,85
060RB8LLW8,43
KGA2FTZ594,20
8GTC5I2PWF,53
OXPKHF5Y4U,47
73FYBAFVHZ,79
IDGU34S3KL,87
L7G5P5R1PD,28
P2NP7JEVIG,20
C7WIBUBSJS,89
RLFCVWL16N,89
H8IBAJTXQ0,74
PKRG1V95VS,15
NEHBEVGDHY,56
WH7JBQFU97,74
KHJ01CHSMW,44
C383B662K2,51
NHS5MDEK2P,17
D49J0K41OQ,91
L5X3106FQS,27
MN36RX2954,77
GDIKTS3TR7,95
NK2GX7LLIX,26
OB5WH6NEYC,25
27DENTKUG7,20
L7L5521K2A,71
MLYIHW3E6L,98
UJ4UESY2GD,80
3F8JIISTOP,31
6V3H07KAHG,63
XGGS0W0VVF,72
JQ1UFA1ZWF,45
QQ76962BAI,55
2J1T637N8E,96
S784MCFOR5,12
2FY82057JH,45
L24BFGPHES,97
30S827BYP5,61
C0JDCFUL4P,45
AR1X5VZY5X,44
SJBMJL83CK,65
RPRZZMW0FY,36
HQ8RSPDVCY,18
8GFW13V40Z,62
M0GNR4FE18,13
TIND67HQWV,90
48DIU3LIDT,48
G7RFDOY4PR,67
DIMTJBUSDM,7
1SPE11S1YP,73
5XD6WYRRPM,82
BM1Q054UJ8,98
N4001ATUVJ,87
N1PSIXRMTU,96
O7TIQ5RDHD,18
R616IXYYNK,69
G55T7A83BC,60
ZFRTDED8EF,68
DGZW8H43NX,88
24PSY8Y8DZ,41
OFUC2BPGAO,44
VGML0SMKLP,41
Y9WRRUFPHW,69
3SK7S2NPGZ,70
2GVV9EU10V,89
EFXO3BUNJ8,5
YRNUX2FD87,87
P6QL0LVO2M,62
XS3L7T236K,14
2A0B6B4TO6,40
WUY8PKYBZW,79
W7W4LJRHK2,35
0ZQXYECHO8,28
JSYVISZ9Q0,53
WQWGN9NVMZ,22
FUOME1O8JS,60
S8MQZOY3EZ,82
82QZGZAJCF,38
6WLGHUFAY5,12
E6KFZSF1Y6,30
7RE1ZQ07SS,29
8P0YK9A43N,89
G25KEGTN4Y,27
6AEDYUGKUA,58
LAGBVKE1DI,32
18BYGHJ88W,30
1GQJMUGT2L,96
VVAVBRMLRX,9
87WZW805LP,32
FEPMFV5B7A,51
9JV7PBXTUU,33
D9UOMWY4UF,97
F67OB609F9,41
8H6FVD6AZL,55
NH9W1COAFH,23
2C0G3F0VZM,65
RDJGYL1B9Y,12
XO5JG5LDEF,47
NL5P97ODYT,16
ZUR0PD75OY,7
T4N9LMM3A3,71
XELI6CZDCT,15
09GDDWW6I2,74
JN23ZALFDI,40
V7LV5N3ZA9,62
EUQ84UP1D5,93
FQ9GC0YK7B,17
VJSWWIQNM7,58
89SPX1SOU2,96
T6KA5E9UXC,41
6AZRSJZDRD,40
R9SSDDGEUL,4
ADQSW5DHWY,13
VM7GCEW6JE,70
BU2QRFCHI9,59
2D2AK0MK0A,100
OAL0GLOU41,33
2H18N8BJCV,82
8CMV4MFBHR,58
PB2FFVHUKO,58
ODTZ5GK0TA,29
GDQMQ90H21,15
EKJ1QZ3POJ,96
I8YRLILLN9,24
IIH55SY3I0,19
MD280RIY3I,92
4Z48HYR08T,47
711924458C,53
2272DFN3KO,42
DG3IQ96XH0,98
1I31WZ54SL,93
K2IRYVL2R6,12
215HB2YWZ0,68
GIJKPNDTG5,26
KM17R20454,92
7J7XR4GQAV,44
UBEMF1DQOL,2
4V3W4B7IIC,58
FOC24U810S,69
NWQ1ZBC292,6
M45SWX5HWV,66
AFV3SKV0LB,98
RYK8PR0BN1,29
QOY6A49CQK,33
FCHQ3WOA16,89
MZ80C0Q0QT,76
35FYE7VK1M,97
U5CHA8NM0M,3
CBJMXHTE3I,81
GZXG0UFTZK,61
OWLGEYAZ5Y,32
XQS97OBO5K,35
2J5GRCTMT1,52
5U4R61DCCF,94
67O629S43D,81
2UFGO98QS0,31
CUKEMWUXJ5,58
1ADPCU6V3B,65
S7UX2LOC60,17
NBBBH1F5K6,73
730GLBRE9V,33
XHVHJZIKYD,84
O10U8QMKXD,49
TWY170ZKK6,64
IZU04FQNRH,15
QRWGLDXS93,93
CA585WTLH8,73
FSJCPJF3YQ,63
LQW7BFTXWG,53
L6ANVVBW68,50
OJHOMFHN73,100
HBCVQD0JTT,47
DCVD6M8RUI,77
M9NPTPUAXH,23
KP0W8TLXYB,37
ZFO4RP7P8N,7
1A19FEIT5F,49
MVQDEEEI18,37
AJH5L5VGU5,67
JBCVI8BS7N,8
Q3SUU7FAHR,24
GOV72YOZN6,4
GNW54EVZED,32
PEVJ1Z46JF,7
WHGO7HGQMF,2
29LSS6J7LS,96
03QASEYVWK,93
K1EFT5H57D,34
IFSMUPWGS0,89
NL53QFIJQF,94
VAW1R0CACU,10
DKSIQJK4XT,73
XVRLB4G7FE,21
RGGYHWGSPD,64
08U1YVO8IE,54
Z650KVGHSZ,85
JM5KLWF769,20
DXB357DIMN,67
VTL624NF1D,86
W25PYZUNFV,23
CBED0VXRZL,47
R39QDQJFUB,88
WEIIQUKTJY,40
3ERPGEBIQ5,17
ZKUC2Q6A5X,40
EURVQQJP72,73
RU2Z0MUGHA,40
IRA2MTGIJH,37
XZW1HOZ1N9,38
5LM56B81L7,83
QHWYNLCYUB,89
WV1J5FVLTR,58
3LI64CULWS,39
QALW7H2I9P,17
2J6X64JPDX,89
564OK7TEA5,56
T60552DJBA,82
D5W5L3VWFV,58
12SYQ0UVIB,51
NA4CGPM7FW,53
MA8YRVY1IL,96
ZV19S6BRQE,96
1SV99PZN4A,96
C7GZ8NEMAS,64
KVEMUE36VV,98
1L0T0QBQHZ,18
S1SOIXXJBY,68
ZKY6VL6L7E,40
RVV04OB1IK,78
RJFGI81Y00,1
R1V2ZKLRTW,67
NE75VGSMY4,51
JQ76PFBHHS,21
A4CQBVMXIC,43
GHBL1EKYU8,52
DFRU55O3NS,61
BN3JSI9LYB,46
NIMM1U9HI4,19
XZF98A11LC,96
6UKTN6L8YP,48
I62FLCAVZ2,91
VDDBGDYMTR,60
VOIY7763Z0,14
ABYJ8VX6LP,18
NFZXSSIB2O,8
QX53I49QTB,90
K94SNT7LZ2,46
P6PJGO7JG2,45
ZMLW0YSRMZ,83
MXJWPHYYWQ,56
30X6QOHWUO,68
M4LQHZK6JK,13
KK9CMUE5RE,67
L6ZMKA63LA,23
9YPM1YG5EF,99
Q2OJU3QAN8,10
I05SK2W3NS,26
3YOENSOTHJ,42
ER8CJHKHHH,48
GEOM9WASEH,31
IRJET9JH1G,1
F9NFS2YZCW,96
PYPPG84L5H,59
S06YZ6K3ZP,65
VP7TVTGW7I,100
MWIX1HGIG0,38
AR3G9NKNDD,17
3M06IY5Y68,32
5QSAWO35UK,19
FP074AABBK,13
N568VHHF6V,52
31DL6P5QBG,1
GL1PNUCQB6,11
RCOPIBXO0R,80
PX2YZ5BI6N,49
W37EUR8BY2,72
B2BKOLNJDI,100
P9VZKYUXM1,77
0YUNXUKZIK,60
JPQSK0UL2G,28
YXKBUNOLB7,32
T4JQNFV96O,71
LV6CSRA6D1,96
UONWV4IJQU,19
1JVW8MJEKL,5
KNUK7SKQW9,51
F6RC2AKN2C,52
OALPX15HS7,91
CK3223RV6U,75
VIZ4826BEH,34
ECE679XANT,16
Q9LFXJCNJY,62
VE64HYP25N,100
3Z2UG0J76Y,30
42EBGFZUD4,71
1QTJYLK00O,21
HYHUK9P7VN,76
68HWAKKY41,23
GBF9KGN4SV,86
XT69MB2UJJ,19
A8Y6W8HMGA,61
FO0YMPNKPA,49
ENXGF4CADA,60
NPPT5LZOSD,47
SLPN3UTU05,22
N0DDDZW4IY,91
AVKSGO0PDL,56
Z195AJWB3O,56
643WM1GK0P,83
8L2WZPZ7FG,18
FRNLJPC015,54
YK2HPKLKEI,4
HBB43GICPE,96
90S3GKHQN1,58
7XDPP1LDAG,90
VYJEZYAW89,13
RAEWUMS3A5,1
MTD86C9ZP3,61
NU19MYWUJM,54
RP7JP2CZID,12
DH3M2XZ4CS,42
IFMP8K4ZIY,51
78L8AF5Y97,34
03BF0G2R6D,40
CFSRAOTT3T,53
0JFWQ90P03,90
HIN6HIR0MB,85
1COAHKC3BW,19
M01WRG7LF9,11
CZ4HK7CFK8,99
OIFI7EWQLH,3
GRT3V3TXP7,7
4A62NGWIS4,94
LVTZM3I4EH,41
Z6H2RWSEF1,69
A9EJXEZSHD,82
XP8K6I077O,81
KO3A69R1E8,80
5NGIGZV9YD,96
JT4WMZZ0BR,31
DG2Y8IGYNX,36
8HUECP4EFG,56
R1RUZQYTUV,23
JLAH1VKLWK,2
0HCPX2T9JM,46
UGU9RY91L0,79
NY64EJRBED,81
PXT7IC3ZRM,82
8DXZG62TGJ,42
2ASV4VMCKU,27
QC0LB5MO40,83
U69KWA2NWA,14
HX8OWWR7RL,59
1Z4MUCBWM8,48
RAFJHHZGVB,92
NHB2I6D3LI,56
QEP878QBX3,37
56Q6YBW7VO,99
QECZBQPO5H,64
G10V2WBENG,83
VTSKBD2TIZ,21
62AS830FU4,74
T8VCODBHF4,73
XEF44LKCCZ,71
UGBHMV1L1V,31
P326KQ0HV0,10
H7RN554NF9,53
1J1L5GSOZL,83
J8NCGNMDUC,4
NNQBVSH8FT,92
212KOR3KVK,20
2E1B4ISXLX,32
4GL5V2FU8A,36
PTES2KOMDM,74
D21IVT90XQ,41
BUPOFFCWFK,64
0GLQ9FKC3E,28
KD7A19BHMO,46
H48TBRVF8T,35
SLEZHAHCDF,68
H5ZHLIS6YU,28
21OP9XYPIX,75
JA9KC4NKK7,35
T0280KJA6R,15
0A7XZB4A9T,92
41B5Z4U98Q,45
7OWEXHIKOA,68
L7APW0YM0Q,100
7WUOQEXPYO,99
XTZHQVDAMX,93
P02VFPJM0O,14
45O0Q6DFAI,65
MGX6AQX6T0,86
JE37JK16LA,7
SZDYTSVTVJ,28
YK35KGEA45,58
ZMXR1B8O2A,27
3FFURO7AEJ,91
9A2GY63SYE,8
3LYMX40FBR,73
CBPGKEYVGC,37
BFUWVDOPVC,99
JWQN0NTCCY,15
J7H2NZACGB,70
2WYLOC9GPF,90
F6K9KKPXYE,15
Y0EWN3ZQJ3,86
9DWRPUEI45,72
H4MP0YZMDH,7
EGBIDXPTCH,100
JSF77HSQ0J,89
BKU16O5RA5,44
X46GYUXFB6,82
9BHV5V5IDA,54
1MCRJQA2N4,22
Q2PUT2VDNM,69
BJCM7P64UB,22
D6K5POM8AX,45
S2C3S9J9HU,88
HNIE5KELKI,39
L3JD9R56LX,25
W5RU1TPFLI,9
WYF0R744S2,37
5565680KOZ,40
64F13AYIZF,40
6S15A58Z7K,94
G9G2NRHZOK,92
UVK9X2JH4D,7
ONYVXHY66J,53
NAYS2VV5BU,20
NQL8Z9IZI8,3
C1QJRYDQ9D,85
0SHQUHOV10,21
70T25PLROT,57
NO81Y5P0H4,2
2D4M91DZ9J,77
2T1IVEH4IW,21
EXXNU40FMF,42
YFO3T93WOK,83
HIFPPCECOO,85
9GUYZTBSA1,59
EX790G3F38,54
CXIDWNL0PQ,89
79VLEH6IGX,94
EAXGHYQ540,36
0AYV4U2EOG,69
Z9BWGMYSPX,6
6IPVLZ9JNI,1
OD7CCWP6FN,31
GFCK9JG5PZ,39
E8VYT1V6HI,84
RDGFAIWD1E,7
5WWI75BUM4,40
V6ZKPGYOYS,59
NQM7GISNLG,46
XRIVXGUXT0,18
NNT5FMK0P9,100
COK6EROQUY,87
8C0SCUC629,22
BWRJBIJYLV,100
PP2VD8Q5ZW,46
K9E0E8XW9L,36
TXCFKD34CR,12
VH38RO0FC0,19
4PAHKR4SVG,68
6J12QN9HC7,61
A3ZSNWYXYI,26
2H7F14T8VM,17
LN1O0HY0RQ,4
GZS1DFKKAH,77
0QD5R3G4H3,61
YWHJOY05L2,49
KQ4FBRWZSU,28
T4YFYJ9MI7,43
K812ZJ6D6W,84
A8O13Z25AQ,92
W196HGAE6H,92
UXQJ6I82WH,73
U057TTJVNO,86
TS6CTM1Q6N,23
4KVJSJ5DLK,84
4ETW1ZOXTY,10
28X1NMX1G8,54
W866UMU5WD,35
LQOFHD9T3A,18
F6AGQSXS8I,80
07U2KXLXOO,17
DIQO60YCWB,90
C7CKYNUZW2,67
LAE2SBYAX6,3
R5ULBM8AXY,100
FH89B3G2VO,2
WKHEBBLBO7,63
4EWW7V963X,83
V2EG9VOTDL,28
MRMAQVCPBJ,77
CR5XJTB259,75
O9KIXQ8LOT,15
044NHTFCLS,60
SE4JUNS33U,90
9JK17YDGIS,61
187F9DI3YW,70
C24HQ1PY3O,51
6H51NGDBRV,64
PQLT7MGTME,80
M3ER409HT1,83
Z4FDJDSLJT,90
Y4UYGPT658,100
G7D3S92AI6,74
NQIE5IF3BS,35
C6UVU92JXL,61
QF8M7M72I0,53
3BXTPAQU7Q,22
U1CPH2RZV0,54
VXFBTK9DJ7,5
CVNVXN37QZ,15
TXBNSRZCYH,53
VKRW5795MW,58
GQFH2ACZ6X,56
7DUTL46LC3,28
6FTUKC0OD9,87
8BQLAM66DO,23
NOG4JCI9QJ,64
P909ZDWZF9,62
7K5UJJGBVE,7
2N3WUU83E8,23
PNUG3E5GR3,49
EJL2B8I2V9,44
QRHR2V2Q04,76
MCPQUL0SRG,98
RINUS8GXDP,18
4URIWO5G3Y,12
D2Q7K2M8QH,74
DH3WNGSO9Q,85
UW29IBDY54,11
HOF3FVPJN3,59
9158VGUI5T,9
22KM64MUFL,19
3XZVE6UD4V,8
OGOBW784CQ,25
Y8DZWBCPFE,71
RTF1EHFRMU,53
6YA1KOB2SV,67
GW9D9302C0,34
0Q0DQ6X05D,2
8KMQF08SI3,93
LZETY102FI,64
IQL8TBWGF8,96
ZCWE3KFLDQ,51
7HX0X5RVFD,39
BC05O45A0Z,2
1KI6RUQAIZ,80
EVZN9PSXTR,32
6BT3UU737Y,80
B3LV1ZLUR0,50
4089FPG30N,49
APYUPN3LUP,39
U6DFVDB90H,31
PKB37FKQ84,86
VTOTLHKFFN,37
PKYPWE1SGI,47
LRIU62R26W,6
Q2PXX7OQXU,1
GMU6EWVD6J,91
X0NX0O94WY,55
PMVO26RJ0M,48
D0B7WGVAJ3,8
RZIG6HOTHX,54
QQNB3NWE4H,53
VCWK9OB286,36
PXPC9C6VUU,70
FF79DI5H27,79
XKR3O2C2BN,29
Z85T4VADA5,54
78J6U14K37,55
PRVJPMT7BG,88
IOB2NAAC6O,32
VFQJAVFZNX,30
1LACAX1XWZ,50
M93MHS6CGX,38
TDKBEGMSTI,93
NPRAVG0AXE,16
QNZAP3FGGP,49
8SOT5B32W5,49
QT1ULDP9W7,89
U8B7UOGWNY,23
CIKIFWEAC0,88
SKCHLSZCVL,42
AGA0VUIR68,28
EB0MIJKBNI,92
DRB9MV7601,33
OL3WB0HS8T,90
ZQRILXRZZB,60
6TIDUVKO10,18
YLYF4BMJVV,62
ZQ3TOT64GJ,8
W195B7LLEQ,34
5I0RPWQL12,76
PZL8X61Y8U,96
YYYHRJQMDU,44
MXZOIIF3K5,70
H4KK5CMQ99,55
IREZV350LK,13
JQFZXRZO1O,70
WP30LLILCE,84
8T897VS4ZB,83
HFIIUAAKX0,95
BWIFU8RQFR,59
EY0T0QPEAG,45
2CAKZ7BU86,3
X70BH6X4Y0,45
04XK5UDL4R,21
FMUDHAFYDX,6
BD3KJMIBN1,38
EHWVWX4UDM,45
8Z24QFOXT6,28
0CSKW3YQKY,87
1HF5Z4TDAG,14
B02QZCCIQ2,33
9J8OPO5DGC,98
FXF5ND9KJL,27
TATTU9SEL8,41
VJ6PMR90ZM,79
5SHJDDPBOR,21
0UUMJ0BYOT,71
PIYYWKE7NX,71
NQXFIQDBBX,48
OBB70HXJG9,25
5LXHRST9HV,68
O9P8T9L6CM,91
CCL1AP8TTQ,73
ZR6MO58POX,67
N6D75SKK3C,31
19ZW71GSFW,28
VNNEYIXQH4,7
FZJV7PMHYK,26
3R5Q1ZHWHI,87
7K6Y3WBNN4,48
TYYU6TF6J5,20
9P0GK0OHH4,88
IYS3FB6BTQ,36
JK6KER589T,88
8G5OPJNJVU,7
02B6Q5FQ05,93
JBO1N002SW,47
OGRI5KQYL0,60
1XQHUI0C6Z,100
UD9IS9F1ZA,32
YD6B6U83WV,98
2P7JLXH9AT,44
TRQI10SJ0Z,58
76OE4293UN,71
4B56GWLHZ8,87
HVYVG1VHXH,62
BU7J86QC3U,70
UO68L32VOS,51
UWQAETVZYE,5
I4H3AQYHBR,86
2PGPRNZN5T,94
SKT4C7DLSO,60
O3M9C55MOM,97
J3HQL4GRUU,37
Y30Q79FYV6,99
EK4H150WPJ,24
OE2EBQF7H8,96
2DDEW1XE0A,34
7E5PD0IOK4,95
HRIFCNB5IB,90
ZH3DZQSXQG,95
LRIXLLBAO7,74
5SHCDCPEYJ,66
SMT46QVYBN,14
MD64JBDPK2,11
EI8R7MKFM9,50
LWPJWMVDCV,69
YE8EQPO1OL,35
B0GSQU3BKJ,56
AT1OXWM08W,10
0DOW740KXI,81
61U0SS44S9,86
SEI1PYXU8H,57
9XITK05JTW,83
IYD2YRNPH7,69
5RA3CQG9KE,28
VAZZ2M4QPC,15
PIAY59P49P,4
SUS5ZPMZXN,75
YV0Z5RWL76,83
RHTC0GGALO,79
UABTCHPRFQ,52
ZP7K5ZPPQC,2
EXT2H424C4,49
3FPLZ9WQ15,47
Y6N1A8MZZK,28
H97OWXI4AH,43
MN31C93WP2,17
0PV40Q7EYL,16
2JX7PGRB3I,29
NS3RKFAUMB,78
ZJ4UQSD9MM,48
EDIQZWT85I,83
F9H1BH0V3Z,96
SMGVFGFSRZ,31
0TKU6IBES4,88
H5R4E0PLNG,60
UOU6ZXG3X3,41
2BQ2WNP8SF,60
EK4H1WXRFV,77
9SBG7AN4RW,12
J64KMQ912S,88
NIXSZ7BC0O,19
VGZ8E87Q4S,65
BJ01TD8BV7,97
QIQV1YO3UJ,7
P968KSDFVD,22
MARHE1Z77K,51
K01GLDU7MV,3
41VQGSW69G,61
6CX1TV4WJP,16
ZNR0RGJBZH,93
CLFUGVL64Q,22
Q0AM8THXLW,55
EPWV0T2SBQ,46
AZ6Z4IPDZQ,14
FQUFKHVE1A,26
9JUBH5WQ5N,55
WG7Z4SQ35E,37
XFEA3GD1XX,5
Y01D62EKZR,15
ZD1H7FP7GU,3
8O3X08D08U,54
7ID7Y7UBF4,52
VNVB4TOHGH,59
8Q423T6MF3,1
9D5NSN51YX,29
YFNXB5KVGE,10
9O3WTTISPT,71
54TKV1G3NK,70
O1S5MH4M2W,13
8ULJJV92QU,16
ZNJSEICP6F,99
HGYFZ4SPOZ,67
C81D78CE2K,79
ZTPPSM0KEN,6
WGCX8U8JSZ,29
R5VRJJSM9M,92
60W3HEV8IL,91
B8WBD61MS1,87
WD5QCZB28V,42
218HUPMMT2,24
BZ77KT8QM5,30
58NNXPQZOG,88
8QYOJ7778G,1
UH1IL52TOO,23
HRK33YIPWR,10
EWMZ60JPPQ,99
IMTB4OGRXR,18
ZTJB9F9V2D,4
KBTSHB91IC,50
WZD267H4SS,25
D1Q4PRKEQT,77
CDQP9NUF8F,16
HZS9TG7VDF,62
AAWX7UJLH4,86
ATWBY768EY,35
75MJE1BNP0,29
N19WP78RCE,57
TQH5I64PUR,77
IL4ET0OEP4,70
KKUHUFMIMQ,9
G0EPKZWBBW,38
I2S36NFLQN,20
RDJ7JLBI0H,41
5RUOQYIEPJ,9
M68512L17E,56
GA1RU7VSLS,33
AL4XJ4G4ER,96
FCYJLMU8V0,82
CAT7UNKGG2,18
LCOSKJS19M,12
QPK3W0R3WL,98
HRVHYMLM6O,82
DK4BP766CK,75
YKZQVCV4IO,60
SHLLTPCNTS,15
XAOLVJA6YL,16
EYA8SHP93Z,35
5EG03RE67K,96
8NBHSMM6KP,39
0BQC9L9WB5,1
1JZR3LWY8R,28
U55QSD4M50,59
47Y2TUCNFB,19
0YGH3TEQB1,1
POVDD76HD3,80
K4IGFZSSI8,86
DHBPQJP471,64
MLGJ3P14PL,28
5XXVD439FL,33
HMOEYB4QAR,99
UFEHOMIKYL,45
DA9C82OYKF,50
2X5TXPRG86,29
5EK1FB0IMW,19
PLCC5QAXQT,17
06GJDDLZUL,56
PGJEIMF0R0,30
0ZSM9RB9NG,43
L9O2AFOS60,81
NKOZNW61JN,85
2KL6TFCO8X,19
UPDRCTE2SK,11
P5V5CY265K,7
PIAEMYT4O4,10
QKY31TVC2C,34
8T6OGZX6X5,32
3AFG041V3D,55
012AXVB13W,10
9LF27B2XIQ,49
MWO7V7IWAO,94
M64ASMYJT6,92
M5BYIS4O4I,19
895QMM6L4S,61
R730L2EHYG,82
B8VE046PC3,54
6X3YVWELGG,11
UZMATX96WY,81
LE0IXJDN0M,29
QRO2868YXR,79
3G7V6PII74,98
J7DHJ1G7SM,19
YPJIYIUHC8,68
MX0VEAVMXU,71
99ISAUXY4I,98
0LO7ABNEWG,62
7OMPLAH3ZE,57
NJILDXAE60,31
5DRLG8KISV,33
8ZIUYLNAEN,61
BTM8JE7OWA,93
EH40QXNF29,29
XNWKBME880,39
7XMR9HLACD,8
NFZOW866YK,53
IF35FQCCJ1,7
FQV0MBFE5H,77
XKFPQEXQKO,64
419CVM6RII,63
PIOMXRJ7JJ,40
K3QCVQR68Q,16
WT2HLG88G8,36
B5RWSULA1O,51
DT9VUWJ5HT,45
CWA36O1FPC,45
OROQE2N2NJ,93
Y7T5B9ZIMU,27
DMSJ5LPRWD,67
3DKXGNAQ8B,57
53H392KY7O,93
DL9WLAOCBB,83
5BBYJX4347,61
CHYU43XA9N,40
CARI3GWV16,62
9ZMW2CQYRL,77
TELSZCB9R9,42
PXINQ50SVW,52
VGH5FKVXX2,71
RMOF72H6MQ,100
XCH65PFILA,18
VWK9DFQX1S,30
VIH7O7PTJW,87
NJGRFAV67K,89
R1BME4O5S0,34
HDDU69P0EF,41
RNUOV083KL,75
3EOA6BDYPA,68
PQZAUH4433,14
JO2LCVSUXV,68
AIIUXN5B4R,27
64DMC72Q3Q,86
7T7TM3N6D9,71
RSMF5XJFS9,97
G9OSXKCPCF,58
4NBGZI2CGF,23
DC2D3GA5HP,63
3IOIVE4WLA,71
OU3NU1QW02,11
W6UUIQO0CM,21
PUMRCK8E89,32
PP2JUTCFU6,81
O0N0AM9XC9,19
7BCGAIOFPX,69
2UHM59T8B5,55
TTJGPGCRDW,58
A7O83LRRA9,52
XY6TEF3M2A,99
8N3254QZWX,70
11AOWKL2OD,2
VY5E994KUT,79
PW14CGM7DY,7
C6TELA9TQD,13
4WW0TLUL8J,84
Y087RXDKVI,6
BA2L4SP7A1,44
9KQY04SBJJ,40
Q15611RPGI,43
LKI1WJ9P8X,60
EESLXO8ORM,41
I4LOJP8Q8V,43
LCG3F96BCK,61
N19HVUCT95,24
HUF9OWCV6Q,83
UYG50OWJWL,75
6TCGQKOEGW,37
GZRLYQKPKD,13
XAF3FTOL94,38
FQNEBJ3OLY,71
IOEPFQ7XBQ,49
Q03O6EJ3S5,54
GJEEQFWK4W,74
P6NU28GMLO,27
UGTLYE7DYR,4
6FWJX0BRJZ,43
YP7S952P8Y,67
HDJKX1F8QI,94
XLEB5DFIEZ,41
0XNLLIZSX4,69
B9I5ENWZNN,18
NENCDBHB2T,2
MU1XV0ZMXP,42
GZ1KX2GTZJ,43
P8XATA9166,89
JKCHQO9X8R,28
9PT9PMNUIU,25
W64JC567SG,21
UXA9SGML48,98
I17I0NOU9S,33
0UEC0R6F18,63
SUY8CZVX29,79
AV6E4DOLA3,16
B6GAQ8RSWW,23
OH8SUPBUJA,79
0PCS4I2KTO,26
6TAEPFVVTE,58
ZTQMKHZEP9,71
OMECIVBZAM,94
9LLI7761AB,28
9X790HNF8N,22
P36FVF1LDG,10
4NY0RF6LPH,67
CZ3RL63QM5,82
FVI1UZ3LAD,97
8N4551TFXO,2
D4S71Z7RB5,60
F0M2GDEDJC,42
J0GTOY22US,86
SDWP4PZOPE,86
5Z1K0ARHU0,1
NA0Y56ZCCX,49
CXJ0YE65SM,36
YE50AR6XVC,8
U9RYQHUO6K,52
83B6L2S7EQ,60
CLA2H8JMRB,86
ZC0WLRAZQR,25
TOID3IDYGK,22
3A25ROW4PD,3
PVQZSDXDJ3,24
MZ6D0BDV7W,46
9TM6PRNXSA,50
3S0LZPMPBG,21
DLVRN4LB98,34
AXHHU6YBC0,45
4QJCIST85E,2
09FER4T8GA,86
V1P3I8TRZF,45
SO4IYFHBWC,4
74VWV9RIYB,53
VXY6C19Q7G,69
QETGT92WXY,73
6OEMLMF9XY,24
6YNWJR6AKH,70
OPNW6A5RXJ,54
FM8BFWO1I7,37
S4FZ0WGTJM,35
5NGDUFCHCU,3
SV19TK096J,79
5UJKW0BWLS,23
9NAB9ZMJHK,16
5C99YVL54M,70
5LDYUNYC5P,88
60ERYEUO38,41
DMNU8Y8X0F,46
6341U49CBK,5
M8LD9KRAQE,57
8QU9X9ISCC,39
DGJ5BR1DBM,42
R10CAIOXY4,43
FLD8EDVAX6,29
WQY111O1J6,51
WF4LC8U2A1,61
NTD6FB9HSQ,45
MNWQBC2B14,77
I96IYUJA2Y,45
532BBJ2SLB,79
3XVF5A8ZU6,62
LVG0WFY7GX,19
HTDUT3OW53,20
JZAJ935QFP,34
LHG657ZADN,44
R7GLJSLHKC,4
WYGQL4LHKZ,67
3PO34LAHY3,50
66WZC8OWER,68
S89BWFNCY8,88
5GGKTCIJ6K,20
6YCBIGUJFA,93
QUA0MYS1XY,81
5VNQVFAHD0,15
CWZWGB2TQ3,93
DX3AM2ZJJ3,75
WFY02JARBP,62
5I8HWF1J5J,92
BZX7XVM3I4,20
P9OIV9J2S7,52
06FULL90H7,78
6SB7PVJOJG,87
G4G8P07OQW,50
3PT8S12EYQ,47
8B6B95FI7D,82
KK2N7YHJLA,69
FI5ZDE5IAY,56
R71STU3AW3,72
EHBUEP02ZO,80
7P657VPUT3,40
VDSBIWERH3,71
JW5D9141TA,100
1VBQB9XBJO,94
H0PS5IVMYJ,34
PG61AY9VHN,39
LC2DZ6V2EL,88
RNQF7EZOU4,92
R9ULY741P4,20
1BF2Y6M5H6,29
VY5AUBGQ6E,95
AVTO1VN2H5,17
COZZ9YMFD6,98
5Z3T5K51UZ,18
6H43MYM097,89
0S7F7BEHXY,92
KZVRHKDP61,68
NSUGWRRYCI,87
WL669HIO61,90
JFR3YNE2ZA,95
0UV0Q9HLE1,29
QAHWLIS7E3,40
PCDXS5IIQD,43
J9XWBX5D46,89
0H7WRTKO62,54
YSU308KXG0,51
73AV6PI2YU,73
QAG8FLA93R,96
YQ46J67JML,70
8UGSW5ONDS,43
D5C03LDN4S,73
6BCO9DCVS2,68
5R6GNSVNZT,83
AZ087U7DPU,74
R046FDOHHM,51
ORLW2RGYEU,100
TIAE2U19MI,17
7TXRM0YR9Y,77
UTXR5J0WKW,72
N8AKN3EB1B,30
5IESIKRZ01,98
X822QN44R6,76
K9IAW062EO,51
WMWB9C4KXK,24
1AKPRQJXR8,99
BDKHNJG3ZQ,2
J7Z6MEBBZE,67
U0381JDINI,44
CXQ1DTTG03,19
5VCLGBNB4B,17
5GFOTPM1I0,75
OC8JWRLFJF,51
N43JSQ37RC,46
W4N09PGLWD,67
2RSVM0PDJS,32
IZ7ABR4QKE,25
FFLA8QXUNS,46
9BLBKUS787,6
9FNIS8GUJ0,21
AX063YGV2C,67
GBI8S55DV5,81
RBHCZBY63I,48
HXQ1777TEJ,53
V27JEPGVLM,85
8QWQX4J88Q,54
E2DIIC2HLW,54
NUH9M0J44G,45
TX5TKQ9PKF,13
BTQ8SN140W,42
NC12ZRCGXB,88
L0DCWJ7QK1,42
1HG5VLXENY,56
GUZNIPTGQX,21
52HNN9Y3C6,68
E2KWS74V32,58
YS9EHB6U6A,71
FBQLAUD9HO,10
9LHJ4KIWSZ,70
M9X78KYD86,68
UXVUYON2Z1,50
U7T4BU69CO,52
44DFY162VM,87
6E1VBP39L8,25
2BAXX5FDDL,98
FQQI0ZF08F,11
FPGW1HGFQA,30
TYLGYAVZOU,31
R7ZVEXQX5T,84
MQSR6KG4ET,46
5NMWGF640N,19
E0A4HQ62AM,25
FS29F27MLH,94
CNU2F7ONQS,72
L8SLW2CW1J,30
KT4J56V28Q,38
OAHNOSN843,26
GJ0R7L2CL0,89
K50QF6CR0W,40
MP2DRS4JED,65
EKQJYGUCKC,95
QX38YXY0G9,81
JIUGXFWDJK,4
9VRIEEXFLI,67
SZECGNE7KQ,58
6GGWD5IVLZ,38
BAU94OLPBM,15
G0AYQL1PRT,73
0751UOZ3BJ,86
EZTF8ALYYV,24
8BM6Y1A5DY,46
SKIWAIQX4E,75
RWZB0HOQPN,16
ALEN14Z8YG,67
YZEQO31YUY,2
W7G5NS1SCP,39
5Y7717C6WT,7
RFDA0QXQDB,22
B49T6Q12UL,84
ZT7JG1GLSE,54
IPW0KPNG1I,13
K9AQI22P0D,4
YPL5QRIEB1,10
FF8AY72RNB,64
POR926ANCX,47
GZPXAV6TJO,50
07ZUU8S7I8,39
UCKDWLQD6V,68
70LQSUOJ0Q,55
92QG2JD1DK,66
XUCDFPUAXT,54
QDUNDZY2WF,52
DJVAB7Z0KE,30
CDLVC7IYNH,100
W8GUXUOSWV,17
FXH1MQ9DSH,68
NPQX2MU5A0,64
WBVACH2M1H,95
HX10ZWV740,58
H5EZDX1SAQ,60
42D69EL79A,19
VC1XWIC1PE,59
8R2BX2ZCPL,5
IRFCXWZSN1,100
KDP3GFGZSR,37
Q9DQDYA4DU,42
Y1DPMXF0PF,25
SRWSFMSTVK,72
B0GCRBIUAL,83
6ZFU4I5947,44
B8I7BV49KX,67
OYY28PXJRL,9
HYJYUFCKRU,52
D6W34HTAI8,14
RDSU3IXURN,15
E91C0HLMYF,12
FSGXC6F7W4,76
R28ELQ2GSU,92
5V0KAVPQIX,76
H3NWMDN3R7,61
8R0CFRT4RL,50
6LSGNTKZZC,96
722S64VZ9W,51
8W53UQO9AV,89
CITM2ANKY2,1
0X2GMT5AP2,21
PII5MK3Y9L,17
SN78NXA1O7,77
9K456WWUWX,28
29W5MC3K7Y,55
L8HZL17W7F,6
SZWWU5P34I,6
83PBK7L6RF,99
M7D7N0PODV,33
W6QPRGL1AL,40
15FWUKG9P4,34
Z54QXVKR3Y,87
6YKO0T2OI4,70
9VNPM5TOUR,10
N8B17EJT49,85
IQRKEX5GAQ,49
U094D3MHL3,69
VM7XIHQN6S,29
CP5E3V8HZO,42
DWW9S4GLYO,61
KWQYHTIWH6,58
HSP5CMQ93X,70
MT9OKSSE4D,55
4B43T1AVT9,3
QS105X64CD,30
2AAHZ4QVSK,59
Y2OOPO1NCM,71
WL8MP6N41X,97
1CDE4YTJ7B,53
LD8T9ZXW9M,39
T55XUZU9ZJ,85
SFRX0TWC03,60
4JZFV2L8MO,68
VDQZ55460H,27
EK8S6TUP1F,65
5KUJB3MRID,63
3NXOG3A8ZE,74
3ZG7Z143YG,2
CF3RWO3PSN,68
M1N6GHDN42,27
GYP7WUK3YR,24
THQBW0IIIV,65
5VWJFWRWG8,99
5R1ITXNS6W,40
VYEI4H0AQW,99
K85KNFLQBO,10
YRCNZZYE64,60
9G59M8SBWK,31
4NU0XH8PZ5,100
644WDKF6JY,97
69A9OA4NMS,12
MUXPMY4X53,23
V6INP6XOJ6,86
CS07ZJBS3Z,11
N86OEOGY4X,64
KOT1ZRED5W,46
QQ8JAKIOE8,73
L0QYJJRKJP,22
35YINK85LG,96
JZQSFNF8HS,95
1UAS7NY860,92
U79SIDSJKX,25
XU4TG23SKJ,73
K5RNF87PGQ,93
8K1RKT2JCD,71
MPEKLWZX38,49
YYXLY2OW6J,86
910TIOTE8Y,82
751470JVOH,68
P6O4C2YJ0L,77
2WRFY6XRJV,40
61DF424553,55
CS52MO6YM8,75
DDM96E8RH0,58
9278YQK7X4,59
9TBS6YDMQP,88
F3QTP5VJ6O,27
NN9GD3JTKF,66
5A2FAAMSOZ,11
I2TY9DZ38S,63
RRKO81UUJX,32
GP9L3S6KCU,45
NSH8UKRQK1,8
R9B4533JMO,57
RJ71JZ824M,97
3AEE0N5EZ5,33
EZZQGL1A9U,37
H7YI1IUA4D,44
1GBIL9OLAY,86
4QNWKK7OEM,8
S8Y70GSK38,47
AERZDE8HK9,57
H4JY34ZBSA,54
O87ZCKBC5S,47
Z9V3R1L9U5,99
TPGCIJTD5Y,39
H2RSHVD0BM,11
VZRCD9N1E0,71
D4UN2AEBR7,11
Y578WLECDK,4
IYNSEYNFOT,44
4ZUMU84CQD,67
JG2H6OJ3O4,69
QDC6YM9SEA,88
X0AYB8K3IM,18
GZWCM2O36R,76
3JRK76QY85,7
F3R2T71M0O,85
H0WE5IXRDN,40
K2FNSF9LQ2,11
F92FO9NKL7,36
M5G05M0O97,89
L1FFSMLJQX,59
UJ4TE2DA3A,24
9O8RSBP7E0,22
SZU2V63PM5,85
7K3G7XA0TP,57
8NBZXIH5LM,85
HBRTI67WM2,95
M1DAFUWGWY,19
VH4C1QCWUB,31
PPQG95MPEU,85
KG93YKH2N3,4
MMY8F2I7RI,26
KLLFPPI4ZE,19
LD7HLTZR8K,45
FZC4OLV55R,73
QUX6ZOSAHZ,46
0NKQISBBSO,52
9N6YYQAO5O,55
YNU1AMHIAY,78
HQCGFWB8OE,4
K29XGA84FA,66
MEU024DSOM,32
TAM1CXAUEG,40
W4B49JICQE,39
MCELWVJSSH,15
167RS7P08C,29
OCAWRI3OUY,78
0QAW5HQB1X,3
649OSJ72T8,31
GJAPUD4E68,10
65YM6K615N,27
OZB493Y0HC,20
T8JZNFOAAO,78
HGNNV3J3VJ,41
D0ZJPGQ5KK,92
23BC5VSYIS,18
M0NDWBED7M,72
ZNK7WIPB6N,98
7DVB290CJ7,95
1LBI2MI75V,97
HEOJ8HSR4I,61
LYA0916QGZ,63
5KSRYGTCV7,71
OE7LFKG9B2,91
50SHQH4J9K,32
RK7V08Z403,24
3ZSSKVMS9O,32
P97A7NWFCC,68
RB0QGYL0MX,5
0Q63O7GXLO,23
GL9GA0GTTP,94
LM7KEJJ0DY,100
3KGFH4FHP5,2
L0Y2D9BH22,20
6C9IHK2BGS,17
L79GXXB6G9,59
BUKRP6K56C,80
OI3TKHMA5Q,89
4KSCZLVUBJ,30
1N1IBQUPFW,94
A4YGXB4X8Z,59
TFA11QD9B4,21
DMJ756ASC5,58
28O6QOQXCZ,18
XV0N9WMTPD,54
EB4N23YBE5,44
SQDDU0SCAN,49
8C00W8MFSE,18
72NGZGKR9S,93
P561S7BKYP,38
UMU13PMKS8,3
GWIWAZDAO9,63
A1HOVOF82I,8
W6OK8GIB1P,33
ATAP9FXMGO,69
DJY0G4RW3X,14
KFTKNTLJ39,77
8NXHLS05WH,69
I3HOXDBZNL,19
6HI6YY7W0O,8
JZS2MLP2Y9,100
9BVO8RA7ES,60
VAJTBH0OU8,60
JICS560TLX,25
43VHLST7SG,69
5RFBHIC8V1,44
PV9QGJMXEY,88
X15YBZCC64,47
8W67ZFB9JW,16
9P7TPEP48V,35
P317NPRNTK,98
0DHKRND0IX,72
7M6J9HRGQI,26
UMWSA5P03I,55
F8E3KKVLRE,93
VNRNBUAVS6,76
AQKA1V1JBK,83
1HEKTJZM3F,92
X8EC2N0X7L,10
XQQT8L0G0N,92
GVSM0SJP9H,78
USWUMQG6LE,83
707FM6XIBH,35
HFNEWPL9OP,29
WCQ2ME34W7,84
1QN011H0QL,4
TD86VMG0W5,84
5F4PPL6GJ9,71
07J81FPPSJ,11
BV8B0N2LEU,84
U1JMXMEQ61,70
MTI3I4JDLV,1
W03Z5DCAC8,66
8B9N5UHD9B,36
DOMAQWFF05,49
GLJQCT74O2,95
NIT9FFURLO,34
QTRSZB0XHZ,40
H3Y408SCF1,93
60YZ5B2ARP,18
9Q21TLYLEM,13
S52GVDTK93,82
QTUKZTFGD7,57
NTDIBVZOTY,27
P72VZ9D8HQ,22
RZ4RJ3R1LN,59
622OJ83V5M,62
U26BMZKWUP,65
BGLKN4WAGV,71
2AONSWWHGX,46
JPO6FH0ZE5,90
9F7ZHQJ6AP,30
CDMUUC31M6,86
N81PALCBDW,72
1J4WGJ40I5,77
67I3J3118V,40
IZJOCDOOX4,99
8U6ZJBQ0U1,62
IVV75ZNPBY,41
U31CAM4X8F,4
GTMGMNQGR8,18
H5Z7HQOCUD,90
UHQ9BGEQ6V,50
V9RBVEB3HH,96
0UE84XZAAZ,42
LFGG5AZGEJ,47
P5B1TLO0DG,14
BPYHGV3FNT,45
9RWZCJ4NFK,98
0IZ3E6VQ5V,33
R2UNLJ0Y9G,35
8M0VQ2ECKC,18
LIZ60LW7X6,62
V00690AQ9G,61
DY75LN3ZXX,65
TLDUZ5GOPQ,80
ECATCW9EY4,91
8NIKZWFMXW,100
1PTDEXAG5F,45
LHL589THYM,12
5TXZ931K52,27
65WZFUCMCW,90
5RQG9ZEY5O,7
IOK7SPBSOT,12
VPK7ICLJW3,3
WJA2GWOMEV,12
82E8892L5S,4
2EMINXT8TT,24
2FQT5HCZQD,76
HNXDN3C7D8,3
846NEZHSB4,9
1C2ZN03CQS,89
RC6XO45415,36
6RX5OVIDWV,100
KQ26K5TSI5,90
24MCUNB0K0,3
JYLAIB6GLO,44
MIBUIKLWMA,72
MJS0I5V0VU,7
WTJOGRPJRQ,40
0LP4UPBOJF,69
OOP864KYJD,66
VP7IF66GA5,98
N8878L3B58,93
YY4SUX4Y0M,80
F9YV7Z5C2J,39
NOYCW4CCDC,45
3CM32U3ZYG,89
VOL2WG3BYM,47
KUQ5JGD1VS,50
LARM9JIL4Z,63
KR9ZXQEIOI,30
N5EQBLJM7T,69
QEXF5GR85Z,94
MC97EP81BJ,66
QYJ1G7N43A,74
TNBNO5DTFQ,11
GL369OCYXQ,92
JTP9VGATRA,45
Q3OB8P9DFL,66
TGV9O9U132,86
PJVL4KGII7,38
19CLSI72E1,95
HUZYL773NJ,10
HQAZBAKQ3W,47
WVHSGL3Q3P,69
0NEHMMF09B,79
26N75JZMBQ,54
J5FXE5F75M,73
E5MQS2GYCW,100
DC46UQ0DFZ,14
I6Y0M12Z1H,38
UIIDNFLJR2,75
FG1GO4AXFW,53
BP0XHAOPTJ,100
U4FHZR02OO,1
4BUF6KT6KM,76
B9WAVJFRPD,74
XUCLPMOBPV,91
HDPIPH3U8J,67
5DZ064OLU8,31
0M69OT2UXC,21
KHPVCGUG6W,58
EBLTA7WIC8,90
KF84ROCUIA,33
224V1BTLC8,82
PV706VI32E,82
578C7HM5FN,84
LBGS6UU311,75
61M2YNHKA6,83
YWHNYCBWKE,38
KTJDJU97PK,9
5EZLDZQXVV,70
61SHUTJRWU,28
LL3YV3PCVG,100
19CD1XEJKV,88
APGS3TF9G3,88
CD3PMN2FWR,49
J0RPQ7F6Z5,95
LD6C8A5USN,67
1PQ483N7EC,57
U9KOGB0VUX,64
5DTKCWF041,79
0DWSEPWRXV,5
D7C7P11DN5,69
6BK4FR1ERK,61
BAKZ34CZQ0,40
Q6OWM6C14F,6
629MMGSFL2,96
J7YIWGV4XT,83
RGIO7SN782,20
W2F08BKSE4,41
O52GKWZWKH,50
RNBP97MTM6,27
N21P5E05TQ,54
EKDNV1TTZ9,12
3CN3R693CB,26
PJI1A0O4R9,32
A77C6TPJ4J,62
Z43DJWBQ0C,9
5CNJPZJYG4,95
H0M3X5WIR7,4
GSR9UCIW0P,58
FWAK2USZW5,39
542W84P6LL,65
V36QNVAYSH,90
ZPNWK4AJOK,46
M0KWBFV2QA,100
1AWFB67YZ8,75
027LAFERX2,29
LAMF742KNC,45
KN1DO7X1GT,48
XE4NKIHGNC,22
56MLPG2RN2,71
ATU3W2NRY7,55
QKCRPR0YVH,19
LAVTC733P1,28
SF9NMLBILD,62
JG3ZMQ9GTW,35
218IR2E4B6,55
HQ8BJSDCM6,11
A109PUDZUI,55
MCX9ADIDV8,68
VQQQD0GHIF,41
7LR6PS6NVF,88
LYUXCT5OZ4,76
GJQGCH2QDZ,47
BYVUBXAT9D,33
HVO99G19I6,91
X6NU6OQ3AB,96
6I86P0WJ5A,81
RR9SJI52SU,31
HLER21SL3Q,93
L7Z78VR3KA,47
7RADK1T9ON,54
9H6IR8JXCH,30
X9C17FA6M6,15
GMEO3B1ZM9,30
2CPMCQO93B,12
2PEPGJLZ8N,67
3M9VGH0L84,68
C6D2G8C5L8,31
RH16B9UDEL,98
BPGVU9TG1U,17
99AY5B23YR,17
KLEPU72V70,51
JWQRV19BIJ,79
7KU3BZC6NE,90
T90S7SKA76,53
V60EY9834K,30
JBCYLDYTI6,75
HHTQ2SD1DD,31
95P44LQ46F,85
U6NI089924,34
YY0FEIJAWO,70
S7NE90GN0Q,69
EFGD6I368O,21
DNM1CP9OQD,97
2QZ74P3ZIO,54
UD6T0140XT,80
BZESQ3ZP7M,37
FG2H746UBT,19
TDZ8S459PE,8
A2RSZYYL2U,90
KEJ15HLHOP,75
TCUKL7JW2A,87
JHEUQMJ71O,56
RF0RA9GEJ4,91
L58KWUJ9MV,59
HJ0A55PXUE,88
W5XY75S4UT,94
FWS4YEW3O2,3
YO5XPIOMBD,51
RNVB18VMIP,44
KZMFYCMJ0A,29
H018XR166Q,58
ZIHYZB8P68,25
6VPCRSX5P7,90
JQQ0CGW70U,75
6RCWAAGX3D,15
XTFYFHO4BX,36
RHU8ZFF1DN,33
SF5OVAW2ES,14
AQ4W3WQ9NU,7
SOK81NGZ6Q,80
66Z2ME6GVZ,67
5WNLB3GAFD,86
P2EYB3TH6L,29
V9S1EHRUEH,15
Q5Z67F1MIG,57
DQE3YG3TAM,20
BTS03KRBEK,63
C9X8WHGE75,42
FIXNCY038L,23
Y6AGZ46DQ5,4
1NFAU0V63D,58
CE9PHW3FDT,35
R2G1300NRL,66
33OVM927ZD,44
UG0YUOALUD,54
JHRCUULDRS,42
GPKODE58DJ,1
U52N4YWYPE,85
3PQJULRYKR,93
B8U7Z5VRK6,98
4L3SZFAUW2,99
7RGMSS8U5X,46
OUNCW1TEYU,84
N6K43SC4V6,34
EOIIPAIO6O,73
KOB2I8BUD5,37
33R48VXM3O,68
RCSRCQMKN3,81
HDFIIS0ID5,54
0HE9133GCN,59
IMGCL7YOPP,10
E1JVWGTSXE,91
8T525CDU9T,10
Q17I3MSFT9,21
UU1JQ5Z913,68
NA0684EJU5,27
J2ZT43F7X8,74
K9G39QR9WQ,92
F4HOKFWZR0,98
2J9SCFXLX1,23
RO5V5SVJ48,41
TVL9YAE9L8,27
ZTHGG2RMYB,14
GHCC78215T,55
0H18BEW227,63
KBTNDVNDVW,91
DF9JB3I9U6,2
K31J8QCTJK,56
5A1X5SRE4J,86
69D52O3N0I,24
JN1HQ6Z075,43
X0RZFRT5B4,36
H6EPN22TNY,91
2K95INRNKY,52
O66L6K3BZY,17
XRSOQAFCFJ,19
K6CGQ8O41E,25
N6FXM2VW6B,33
OU793HIJH0,14
8XPD67SMSR,7
2O4XZ46R5U,84
4O32K67642,80
RG1F588UBD,68
0TB9N66M5R,20
LJB7KXRJ8Y,73
6R50D19ZIK,96
02FZ0ZTG6F,18
7PAISZ3V0K,19
JE54KH41DK,11
W9UMKZAY2H,24
KU6I4BF4RY,61
5YPJUO81EW,83
D14P93SYT7,78
L4MP47UEML,41
CAHEWD2GU2,61
XL8K3T7XME,17
9QQ7JKFZFW,20
CE1PXIPWAD,4
TEW7JQL9RL,37
I9RAM09H8F,83
F0LKSBNE2V,50
RXP2B1X50E,5
TL2V936BYZ,77
LVU0A9F17G,48
W51J8CZ7GF,44
AON8FMXIYV,97
DX03EZ9UBP,16
KKJNRAZG5T,31
8YG8CGVKTH,64
WYF3XI1XFX,25
4WA3YXACWD,5
7BN8DXZT6L,68
SS5VCB46RJ,61
UQ244Y0MNZ,83
DYHMIPG3G0,19
AOJW121AZU,36
48UGMQI4G5,68
G0DIYYQPLD,100
QEX4G4J00E,59
ODN9CZ1DIH,24
PNHF06T5B2,64
A44TWSTKVI,52
9012V7T5ND,74
0MCKEVIGDQ,51
PSEJY30MYI,38
SB5J22T0W2,63
KZ7MB824S3,97
PNY0U6KVXW,64
6YYPU0WIBJ,92
3R6F3YC98Z,61
5V6G198H67,11
HABDCV9DU4,76
KS3FPOQ9D8,21
3G8WSQ78DI,18
I3P0WE8X2O,34
TZ8W7Z7ZTG,20
LC7CEHYMI6,38
YGMDOR2G5A,12
3P6JZ4H9E0,27
PQ1KX9XIKV,72
KGSJMI8A5U,64
0J5OU0E0VO,16
DYUQ4YD9SA,34
I3ZYK3T7BB,46
XAMZHK5VMV,16
3S6AW8IJT5,29
QL6XE5J9LR,20
LDZO488A9Q,62
Q2T7Q0HM14,79
FL7IGW2WJ2,65
O8VCPW9PN1,20
P2S41KOLNR,32
KYLJF4M4QL,82
HYS6C85K99,61
42P867UYXM,36
X87LA9DZXF,5
OTZ6ZOQOSY,27
SJ8L3ICELJ,4
6RQMZYUNID,57
WOUNMKBUIO,26
UJRVO5N2NA,59
RNWQOKTP6Q,73
B44S8PUAGX,78
GQ3YUHKB2M,10
3L3CBM6STO,38
IJLAP3HV21,89
L6551YTA2Y,3
UEUBPE2RQ0,84
MEA1P932HT,55
KMPOAIVLP3,80
BD46XL23UG,59
QGFMCS5PWM,62
RPLO9HVTP7,68
AQQET0VAB1,28
H1YL92EBY5,7
664MTKMYSG,60
CO0U4URX6E,33
QHA60HOJCC,18
SQD110AZF9,67
6F3UH8G1OW,99
KORZ5VFBML,96
8XPVTIP21O,16
YN7IPX14MZ,93
1W3XV0Q4N1,54
CCJ749G30K,40
CD42RUNNE3,5
7IV9228TJU,74
S36CK3HTMA,82
PTGLWUC4E0,56
V6Q5W69SZN,72
V89CTNNT8E,41
OPPLU33WUN,42
EILIYM7V4G,85
HH72NR9BUT,1
NFYEKOF5NV,67
2UEMO9PDV4,86
R3556L5JWB,52
PMWUB50UT6,57
YKZ8W0KNN1,37
BYPP56X4ZG,45
TOBREPOBM6,15
3EKAACAMCW,71
AYMXTFC39C,47
MNAN7J4YHK,9
NI9QY6HWXS,100
8EANCOODTK,92
2MUY5UGDXU,24
NV4YRW3WOI,91
87FGC4NQS7,59
427P2CVVPB,96
P0PHMUUEKN,39
9CRZ93L2UT,7
G43O2Q23WA,7
NO7JVK8K7X,6
QRWHY1E7X7,73
1O9QVFME73,53
SJ7K5V8YVO,56
Z5W4PLP6D7,11
2F5R0X57P0,92
TW5ZTHU56Q,24
MBS4UXRWN5,36
J1THWLC0UV,41
I8EZ61WXAF,39
34BJZKFLT6,86
7ETRAE19KR,26
BRS03WZTQO,66
DEXNRZX6GM,75
R3Q6JND7FI,61
6JY5UCM1Z6,19
49UZKR5687,13
E36XCVZ5UV,4
KJ4MEKTPG5,91
DIN539FZY0,93
6MX2FBEPMS,87
T0RCSADSCL,78
S428SW5XZH,90
P0UPGGSHZT,87
WAPGUEQ9OL,71
N3XZI9Q2QF,29
ZA1JE4UKZ3,86
E3K4X8PSUD,28
XW8FTQOOU5,30
TTVRT7QQAA,4
ZW9DEUC5SH,51
P2PE63BSG7,14
RR2EUFZCPL,67
1MZZ73HYR3,38
SLT470KFCS,11
DW478I6R1T,20
UT196WJLH6,91
AYSOXD61Z2,1
BGOJDSJSIL,29
LGJRE51JIX,27
7QAYHACCG5,20
BSC7W5PLJ4,14
5898987QXO,42
VWD1ADHJRB,81
DJ8V5A0L44,18
5DU685V9FH,53
AMSDFZ3BVP,57
WTPURJ2A0E,87
AW85WCW7NZ,37
14QJC6LQRL,53
821GG1E4A3,19
QTIV479YKM,89
RNXQLJEIOW,84
SI3L562TJW,70
9IRNNL4HFK,100
RQ31P2VFLK,2
NNHGPUH8GF,48
95ZRAFIWI3,70
9767D2FRSE,89
56NZPWKS37,45
M35BSIS6EC,66
22NAD6QL85,35
9QL5YOSUX0,37
XSUIFUCGG9,21
15C6H3DBOI,5
0G77MHHXOD,48
1V4I92NBPY,61
IT6XBQ1APP,49
X76QLBA2K4,56
0J1TN3BIW4,54
S2T0SWJ4NF,38
7G9SZ7R3NE,60
YVOOPOXBLG,70
QD50RQ0QRJ,87
F0E62GWOGE,38
5W8ILKOJAK,29
U0FCLOLEDV,10
M1OOX44RUD,56
CUSWREG179,26
ATOGW50MB7,85
D3GMAW6JNG,35
6Z91WAV6XI,79
XEB2YGG2UX,2
HZHKM2M5VZ,60
H3FNSM5T6X,50
ZO3JAQYRZZ,11
P7X3YU736C,48
H0X968BE95,2
N4IQ97CWF3,26
NK05TAVMOS,49
GRMC37T1I9,46
UDR5PG5SP6,38
R87VKR9HSO,94
D6GDEHKA9O,1
JMO7ILZJJ3,53
7BW6YJ3Z7D,61
BQKG4X6XGS,66
QFFZS3NYDV,26
2CUF4E1PAR,37
B5THE3K1WJ,55
T13MU4SVV4,50
7UUQ6MXLL9,85
ITWU009YOG,92
JYYMGG84R5,11
UL20EQJVW5,35
EUBGPTRAC4,53
HX8H9XGFGN,62
OJDU9Y6OGC,62
1B6A8HOC7A,49
V25541EO2R,13
AL5IUPHSXO,77
ZY97TGVK3T,70
H4IMJ4INIL,29
GTIRVF4HTJ,86
EAAYMZ6JU3,70
YPCZT43ZWO,79
D63YXIVO5Y,9
4Q1FESJ1Y7,24
WG77K7G4ZI,74
IQ1PNHCWEO,61
4652YZVWWC,96
9BGJ3YRNFO,99
691DFIVZ3F,95
CVUEQ9MBSS,26
GBPIW5LVD0,53
BYB7DWQ3A0,3
OT0LUHMH28,9
57OKRXRADK,65
7208OZ3IZF,40
83G8ROHKFO,18
3O4ZUS0GJV,69
RQ8O962OFZ,39
DHLLGQV0IL,30
KRLGV3VX76,25
XO83IADJOB,90
LS5WF8IR9H,94
JIR644S1FW,5
WMSVRIPIH0,95
1DJUII1ESY,10
RVI21A52QM,78
NXCH30GK5E,84
WPGVVW6FAX,91
IRTN5SA2Q1,72
632AZ1ZQDZ,31
13LUX8K8XA,29
7X4WRVQI7Q,21
TUB7FGH9P8,14
4AVNGLKGNP,84
TEFFJDNJ1Z,72
KUWFRYNOW1,13
C4WJQ01NTE,94
T7XUEYRL4P,48
XL310SY037,80
75Z0L2QXKQ,71
HNNSUX6DJX,96
JU2KSPE3CU,77
V1ZM4WOBLI,97
ISIFH7PJOT,4
331W5NBQ6M,85
007N339BJ7,25
HU0SIZNLIU,29
1B29O7ER7N,58
HZISUFNAVV,10
BUT43HTQUC,32
JQSRBP8CL0,89
W134T276IH,72
Q5TW1M6HJ6,97
2GX7ZC46GE,14
HJDTZ9CT9N,34
856GB7QQLY,2
QLU3HP3D05,29
IFTKI7RTS3,3
W7Z4TVDK8X,74
695ATEDZKI,45
6D9E5OT7T8,72
ZKDHQH1NLO,40
5399VG1VF0,21
GJPPT9CC9H,8
K0IZV616XO,90
8B7VK7PD19,51
A956S1EOCO,67
EUL4YX0MKY,16
MDCA2SSJJO,44
N9DIW9QQQV,76
P2ZUEPEPXZ,19
ZO0DXL4N1R,95
W5FATBK6YE,13
5UXS0HM2Q5,67
1NOHD5GF4G,80
T4W2HX20UL,55
3PKYIXJ1HV,58
K46HDU1FQN,66
BM4CUKISPR,80
0412767UIC,85
JPZP1OIS2V,84
TCTXTVEMEZ,87
PQVE3V253L,42
0A3RBNSXZF,42
U0EBKVP5MA,6
47YFBTB7ZJ,30
2OOIMLVNXC,10
VJ8MJAA4A2,80
KA6BQIZQA7,32
7QPDWMJDFV,92
MQFEFX97E4,78
3S9KIJB68P,35
O9MCIQ0HZ4,29
YU7CQ2DHCF,39
3R9XWRV5EM,80
2D2MHSFPAW,82
65VREL1DTE,100
KCTLRYHFRW,88
EHYTM8O6HT,12
SYWQFQZPE1,41
PNUPXU1S6J,11
85WOQ3NYVF,35
2NOZXLFBYC,34
WBN0X1JVCA,10
LN4Y9ML9X1,98
IWRWKFU0Z9,62
4KHBDWOW64,100
8FM5UOAYYZ,40
YNF2XJQAXS,15
BI94CNZFN4,28
TYOXRIY274,8
O9IVH0F4A0,74
1T8HQBBYZM,86
OVJ7Q65BIG,91
HXG2NDJ0OM,53
9SAOV2V73T,77
1BFJLGM5D3,60
0BMTQOY0I3,90
AG9W4LEFVG,10
ESF7KXGT46,100
KOGJNT35FF,31
MM3NTUXAIS,51
APC2IGD95J,51
A2NOR5GK7T,29
8ZHGBWOGKU,62
7YYEN7V9XI,52
NYL6F85Y2A,89
CVP78PI6HW,70
6K0H5NXVXO,15
UPZBSD5VIK,96
G7A9LI6U91,53
2JBYWBPQQK,92
QX5LBQ9LEB,26
DCBE0O1CKL,50
02RIBRWZQE,18
ZXWCE98GE1,97
RO4XOQIHO3,57
IUWHUX54KF,38
YH0QUPXLPD,63
8IOO8OLAPN,50
LUNLCCZKX9,58
4KPJJMB815,11
KFN8UIC9JM,69
699WKUVF37,95
YW8E37YH5F,27
KZLGUIQ1CR,45
D999ACY345,73
8YKWXVUWJN,44
GCUZT73GV4,11
J1JFHXVTKM,1
LOV28YOCRU,27
M22N5003JI,3
W4IOQUV77H,3
ZGGZVFRYKY,73
S37WALOQ93,59
F21MGOFGI2,76
XHQ77251MF,66
9ZMY9OTM94,74
OMGX2XKDI4,76
A5Q0B7NO6A,33
BWB0BOXPEE,69
TF0D2PEHXN,95
OOQC00QZLM,17
Z83SCUH57S,90
IDQ5K5VA0T,58
S4OVF0Q4PN,26
F8I5S2F3W1,48
HOFFSE5BBP,7
ID3QAADMRP,7
33RF0FG65X,66
KFTNIX3Y6E,13
WSZ7A3YWWJ,41
MW3T2KQPMM,58
YZM1DF28JZ,30
YOHXN82B18,84
R1GYNCW24P,2
MPONK2SS17,77
NOS7H1EV6O,100
GR0HHJGQSQ,92
S8X0EEZY44,68
DF7WMILJHC,28
HVHRTKZYZR,54
9Y1HK51NWH,16
5PVQD47YGN,84
7WL7PTENXP,32
QJ26ZKJ7O2,71
MUUEW0EUII,72
E9QIEUUAGQ,33
ILWH926ISJ,16
1HR9G1WUYF,13
NJXSBC7VD3,49
JWE59YOCIV,68
AD55CLZGGV,13
JRMQ8NRFTM,22
3JRB2R4ZMI,58
F80CU3DGT1,62
AGNJUG07FB,13
ZSA44DCOKT,65
XBULHRGK8S,6
XS6AZ4L18W,16
QWP83RQ3S0,93
IWH4DZHBBD,11
VOCGCYUN0Q,83
5R8KDWMROD,21
8SM6YI9JZ9,18
43HSZ63NGP,94
S0L31KVEYM,56
DE17UNB9SA,42
NZL23LZP3D,53
23T9HQNSDJ,44
6BGVYS2KXS,83
GGJLS4RMKD,31
CPWZWUCIJF,81
Z41L72XKR7,72
XRMLUDPPP9,100
TZ5QRER3S5,19
CLWFGWD3G7,97
ZWUDM5858U,78
8ZIUG8JPVH,14
O6YKXBF9H1,37
W36DDPBSE4,12
91TGWH336D,77
4CPZW0KPVP,77
GYU9GEC2Q7,22
56WY2LS9PG,44
Y06R25D60Z,6
XYIG72YFZ8,25
XSFQ6BV18G,24
